-- phpMyAdmin SQL Dump
-- version 4.4.15.10
-- https://www.phpmyadmin.net
--
-- Host: localhost
-- Generation Time: 2018-10-19 20:31:07
-- 服务器版本： 5.6.41-log
-- PHP Version: 7.0.32

SET SQL_MODE = "NO_AUTO_VALUE_ON_ZERO";
SET time_zone = "+00:00";


/*!40101 SET @OLD_CHARACTER_SET_CLIENT=@@CHARACTER_SET_CLIENT */;
/*!40101 SET @OLD_CHARACTER_SET_RESULTS=@@CHARACTER_SET_RESULTS */;
/*!40101 SET @OLD_COLLATION_CONNECTION=@@COLLATION_CONNECTION */;
/*!40101 SET NAMES utf8mb4 */;

--
-- Database: `caomao`
--

-- --------------------------------------------------------

--
-- 表的结构 `cm_action_log`
--

CREATE TABLE IF NOT EXISTS `cm_action_log` (
  `id` int(10) unsigned NOT NULL COMMENT '主键',
  `uid` int(10) unsigned NOT NULL DEFAULT '0' COMMENT '执行会员id',
  `ip` char(30) NOT NULL DEFAULT '' COMMENT '执行行为者ip',
  `name` varchar(50) NOT NULL DEFAULT '' COMMENT '行为名称',
  `describe` varchar(255) NOT NULL DEFAULT '' COMMENT '描述',
  `url` varchar(255) NOT NULL DEFAULT '' COMMENT '执行的URL',
  `status` tinyint(2) NOT NULL DEFAULT '1' COMMENT '状态',
  `update_time` int(11) unsigned NOT NULL DEFAULT '0',
  `create_time` int(11) unsigned NOT NULL DEFAULT '0' COMMENT '执行行为的时间'
) ENGINE=InnoDB AUTO_INCREMENT=8 DEFAULT CHARSET=utf8 ROW_FORMAT=FIXED COMMENT='行为日志表';

--
-- 转存表中的数据 `cm_action_log`
--

INSERT INTO `cm_action_log` (`id`, `uid`, `ip`, `name`, `describe`, `url`, `status`, `update_time`, `create_time`) VALUES
(1, 1, '127.0.0.1', '设置', '系统设置保存', '/system/website', 1, 1539511463, 1539511463),
(2, 1, '127.0.0.1', '订单', '删除订单A201810001000012659', '/user', 1, 1539511998, 1539511998),
(3, 1, '127.0.0.1', '订单', '删除订单A20181000100001261532', '/user', 1, 1539512030, 1539512030),
(4, 0, '127.0.0.1', '订单', '删除订单A20181000100001261532', '/user', 1, 1539512063, 1539512063),
(5, 100001, '127.0.0.1', '订单', '删除订单A20181000100001261532', '/user', 1, 1539512163, 1539512163),
(6, 100001, '127.0.0.1', '订单', '删除订单A20181000100001261532', '/user/order', 1, 1539512174, 1539512174),
(7, 100001, '127.0.0.1', '订单', '删除订单A20181000100001261532', '/user/order', 1, 1539512252, 1539512252);

-- --------------------------------------------------------

--
-- 表的结构 `cm_admin`
--

CREATE TABLE IF NOT EXISTS `cm_admin` (
  `id` mediumint(8) unsigned NOT NULL,
  `username` varchar(20) DEFAULT '0',
  `nickname` varchar(40) DEFAULT NULL,
  `password` varchar(32) DEFAULT NULL,
  `email` varchar(80) NOT NULL,
  `status` tinyint(1) unsigned NOT NULL DEFAULT '1',
  `create_time` int(10) NOT NULL COMMENT '创建时间',
  `update_time` int(10) NOT NULL COMMENT '更新时间'
) ENGINE=MyISAM AUTO_INCREMENT=2 DEFAULT CHARSET=utf8 COMMENT='管理员信息';

--
-- 转存表中的数据 `cm_admin`
--

INSERT INTO `cm_admin` (`id`, `username`, `nickname`, `password`, `email`, `status`, `create_time`, `update_time`) VALUES
(1, 'admin', '超级管理员', '12aa4d415fac28fc6c3668aea3f168b5', 'me@iredcap.cn', 1, 1536475589, 1539926181);

-- --------------------------------------------------------

--
-- 表的结构 `cm_api`
--

CREATE TABLE IF NOT EXISTS `cm_api` (
  `id` mediumint(8) NOT NULL,
  `uid` mediumint(8) DEFAULT NULL COMMENT '商户id',
  `key` varchar(32) DEFAULT NULL COMMENT 'API验证KEY',
  `sitename` varchar(30) NOT NULL,
  `domain` varchar(100) NOT NULL COMMENT '商户验证域名',
  `daily` decimal(12,3) NOT NULL DEFAULT '20000.000' COMMENT '日限访问（超过就锁）',
  `secretkey` text NOT NULL COMMENT '商户请求RSA私钥',
  `role` int(4) NOT NULL COMMENT '角色1-普通商户,角色2-特约商户',
  `status` tinyint(1) NOT NULL DEFAULT '0' COMMENT '商户API状态,0-禁用,1-锁,2-正常',
  `create_time` int(10) NOT NULL COMMENT '创建时间',
  `update_time` int(10) NOT NULL COMMENT '更新时间'
) ENGINE=InnoDB AUTO_INCREMENT=5 DEFAULT CHARSET=utf8mb4 COMMENT='商户信息表';

--
-- 转存表中的数据 `cm_api`
--

INSERT INTO `cm_api` (`id`, `uid`, `key`, `sitename`, `domain`, `daily`, `secretkey`, `role`, `status`, `create_time`, `update_time`) VALUES
(1, 100001, '2e6ef9a1256f56121b5ce27e76e60aa1', '草帽', 'https://www.caomao.com', '20000.000', 'MIIBIjANBgkqhkiG9w0BAQEFAAOCAQ8AMIIBCgKCAQEApsxaPoX0IdATmPF4YZDj/8TZbLpu7kO714I1ROf+yXLBpNQrAay6N02FG00nvrFaEF8ARTIyYVu4sr/n8U0iPF1AbZb75MY3MUX5KAt5Djvxrd2tVGASn6dbragczFsAMgJ8kDCKna8RskqfUKtaY+yBnVEsJkyS1PwPPu7DqAaPB4dYC9ugyBBs9X1x4X5+pFF1FAAWoxu31CDgpSSjQrTD427EgwPa+jJLGZWEVvvDvRlkh+xbkpumM2SCEMDDGXM7mWgdD9npSVUsin18JOEla8FO/VCf75NV7IcSbOMsensMrCVJOb8GKdwX1AvR+9IGhsMk8AKCuKLH9hbt+QIDAQAB', 2, 1, 1539069678, 1539617246),
(2, 100002, '9c72feb2cfd27c0e9896c8dfdd0a0c5f', '', '', '20000.000', 'MIIBIjANBgkqhkiG9w0BAQEFAAOCAQ8AMIIBCgKCAQEAuConfVku59XnfbsB/IpZSPTXoifuUVvK97XklRaRXPHWhV/SwGqreUFtmMKBRQ5545dT/66R1dKutGZuQdAQLKSa6+mgC9F9V14K/PULW5SoWqWuGLxhwI9gm0dLFXF8lU4T2EcY3k/W9+qB5skoKeaQLW425+ZOWzgWXg+OZfcVEDvHWzftSDlWJRaSpikGeff7npRMWtzxWJTZR2Fd6BoyMypP3X/hfqccjSLLkGXQpHb9/8JnPdl8yUDR2kma7UDSzrYh7ahYvLY+9vFs4IKzPeUaR6qX9xbrV2iY0cL5aj4jgmiUm7sXeM3/NkXFdmNbkDDzgdCRVQP0adXg+QIDAQAB', 0, 0, 1539073577, 1539784944),
(3, 100003, NULL, 'sirhe', 'https://www.sirhe.cn', '20000.000', '', 1, 0, 1539179585, 1539179585),
(4, 100004, NULL, '', '', '20000.000', '', 0, 0, 1539925334, 1539925334);

-- --------------------------------------------------------

--
-- 表的结构 `cm_article`
--

CREATE TABLE IF NOT EXISTS `cm_article` (
  `id` mediumint(8) unsigned NOT NULL COMMENT '文章ID',
  `author` char(20) NOT NULL DEFAULT 'admin' COMMENT '作者',
  `title` char(40) NOT NULL DEFAULT '' COMMENT '文章名称',
  `describe` varchar(255) NOT NULL DEFAULT '' COMMENT '描述',
  `content` text NOT NULL COMMENT '文章内容',
  `cover_id` int(10) unsigned NOT NULL DEFAULT '0' COMMENT '封面图片id',
  `file_id` int(10) unsigned NOT NULL DEFAULT '0' COMMENT '文件id',
  `img_ids` varchar(200) NOT NULL DEFAULT '',
  `status` tinyint(1) NOT NULL DEFAULT '1' COMMENT '数据状态',
  `create_time` int(11) unsigned NOT NULL DEFAULT '0' COMMENT '创建时间',
  `update_time` int(11) unsigned NOT NULL DEFAULT '0' COMMENT '更新时间'
) ENGINE=InnoDB AUTO_INCREMENT=9 DEFAULT CHARSET=utf8 ROW_FORMAT=DYNAMIC COMMENT='文章表';

--
-- 转存表中的数据 `cm_article`
--

INSERT INTO `cm_article` (`id`, `author`, `title`, `describe`, `content`, `cover_id`, `file_id`, `img_ids`, `status`, `create_time`, `update_time`) VALUES
(1, 'admin', '移动支付的现状与未来', '在刚刚结束的2014中国自媒体年会上，有两个地方让人印象深刻，一个是雕爷演讲时背后大屏幕上的弹幕刷屏，另一个是打赏环节——演讲嘉宾们身上和背后的大屏幕两侧都印有一个大大的二维码，如果你喜欢他的演讲和表演，就可以用支付宝钱包扫描对应的二维码来打赏。', '<p>尤其是打赏，无论是自媒体人，还是业界大佬，都对这个功能都很感兴趣，尤其是在下午的 talk show 环节，当演讲嘉宾有干货分享和妙语连珠时，伴随着掌声和笑声的，还有扫码支付的声音，许多自媒体好友都在文章和朋友圈里晒关于打赏的照片。</p><p>最终，打赏所得的一万多元收入全部捐给了蒙牛公益用于关爱留守儿童。不得不说，无论是作为一个公益活动，还是一次事件营销，打赏都极具移动互联网时代的创新特质和话题效应。</p><p><img data-action="zoom" class="aligncenter wp-image-8364" src="https://zyu.cn/d/file/content/2018/01/5a4aeb702ecae.png" alt="1" width="560" height="408"></p><p>如果说弹幕是迎合了年轻人的好玩和存在感的话，那么打赏则彰显着移动支付的发展现状和未来趋势。</p><h3><span>从支付到连接</span></h3><p>前段时间走红的支付宝十年『剁手』账单中，有一项重要的内容就是人脉，可以看出你和哪些好友发生了纯洁的金钱关系。</p><p><img data-action="zoom" class="aligncenter wp-image-8365" src="https://zyu.cn/d/file/content/2018/01/5a4aeb705a362.jpg" alt="2" width="560" height="870"></p><p>事实上，这并非支付宝第一次强调『连接』这个概念。</p><p>一年前，支付宝推出了一个叫做『情感转账』的功能，在转账的时候，可以附上一些文字、语音和有意思的表情，给支付加上了一些社交元素。</p><p>更加激进地是支付宝钱包最近上线的一个“让男人肝颤”的小功能——亲密付，主打密友、亲人等关系密切的圈子，为亲友提供转账、代付等功能。从产品上讲，这并不是一款门槛多高的产品，逻辑也很简单，但引发的反响却不一般。看上去是为亲友埋单，实际上是通过付款绑定提高亲友间消费行为的分享和交流。</p><p>从人脉、情感转账到亲密付，包括刚刚推出的『一起 AA』，无一不是支付宝越来越有”连接“特征的表现，支付宝正通过这种关系链的建立和巩固来建立“连接”，这种连接不仅是社交关系的维系，也是建立信用体系的基础。</p><blockquote><p>有资金往来的朋友才是真朋友，在不久的将来，『请用支付宝和我聊天』将不再是一个有钱任性的玩笑。</p></blockquote><h3><span>从工具到平台</span></h3><p>今年5月，支付宝在支付宝钱包中上线了服务窗开放平台——一个与微信“服务号”有些类似的功能，不过，相比微信因人口红利和熟人关系所天然拥有的营销价值，使用支付宝服务窗的商户更为看重有成熟支付习惯的新用户和订单转化能力，简单来说，支付宝用户在线消费和预付习惯更好，也有人戏称这是『离钱最近的开放平台』。</p><p><img data-action="zoom" class="aligncenter wp-image-8366" src="https://zyu.cn/d/file/content/2018/01/5a4aeb707eeb3.png" alt="3" width="560" height="342"></p><p>如果说亲密付是对微信支付社交属性的剑走偏锋，那么最近一直力推的服务窗功能则是大招，从品牌认知和功能两个维度帮助用户强化支付宝“生活金融平台”的新定位，这个平台上，一端是过100万家服务商户，而另一端则是3亿支付宝实名用户。</p><p>事实上，平台的涵义隐藏着社交的理念，消费者有购买的需求，天然地与商家发生联系，但过往只把支付宝钱包当成付款工具。而现在，支付宝钱包希望用户的售前、售中、售后全部都在应用内完成，以更高频次通过支付宝体系与商家互动。可以说，服务窗的开放，让支付宝超越了支付工具的范畴，成为一个服务与连接的平台。</p><h3><span>从线上到线下</span></h3><p>在刚刚过去的双12中，最大亮点不是线上的抢购，而是“O2O”（线上线下相结合），即线下购物线上支付，支付宝与全国约2万家门店合作，共同启动了用支付宝钱包付款5折的大力度折扣，引发了一场线下消费的大“逆袭”。</p><p><img data-action="zoom" class="aligncenter wp-image-8367" src="https://zyu.cn/d/file/content/2018/01/5a4aeb708aa23.jpg" alt="4" width="560" height="436"></p><p>这不是移动支付的第一次 O2O 尝试，事实上，今年移动支付的大事记里，线下支付入口的抢夺应该是名列榜首。</p><p>姑且不论有钱又任性的打车市场烧钱大战，在其他的领域，随处可见移动支付对线下支付场景的渗透：</p><blockquote><ul class=" list-paddingleft-2"><li><p>6月18日，在首届城市建设信息技术产品博览会上，支付宝宣布“未来公交”计划，用户的手机将成为通行全国35个城市的公交卡。</p></li><li><p>7月23日消息，支付宝钱包放出8.2版本，“全民免费Wi-Fi计划” 正式在线下商户铺开，其“自动发现免费Wi-Fi”功能也随之正式上线。</p></li><li><p>7月29日，支付宝宣布，邵逸夫医院在支付宝钱包的服务窗正式上线，双方将共同推进“未来医院”计划。</p></li><li><p>11月，支付宝推出全国首个高速公路ETC（不停车电子收费系统）云平台。</p></li><li><p>12月1日，支付宝宣布在新加坡、泰国、澳门等海外市场可用支付宝钱包申请当地交通卡，线下渗透至海外市场。</p></li></ul></blockquote><p>无论是支付宝还是微信，都在猛攻线下支付，这将是一场持久战，一方面是硬件设置的铺设需要时间成本，另一方面，也是更重要的，是用户习惯的培养需要一个长期的过程。</p><h3><span>移动支付的未来</span></h3><p>移动支付方式的发展，离不开技术的推进。</p><p>在10月15日的“小微金服分享日”上，小微金服秀了一把支付宝正在研发的以生物识别为核心的前沿安全科技。</p><p>这些生物识别技术包括了人脸识别、声纹识别、指纹识别、掌纹识别、笔迹识别乃至键盘敲击识别，这些技术在未来的应用，不仅可以极大提升互联网安全性，亦将移动支付带入到生物识别时代。</p><p><img data-action="zoom" class="aligncenter wp-image-8368" src="https://zyu.cn/d/file/content/2018/01/5a4aeb709b9ac.jpg" alt="5" width="560" height="704"></p><p>如果你以为这些研发中的技术尚需时日，离我们生活还很遥远，那么就大错特错了。</p><blockquote><p>12月9日，支付宝8.4版本正式上线，使用iPhone 5S以上型号及IOS8.0以上系统的iPhone将获得支付宝指纹支付功能。苹果的指纹识别 touch ID也已经相当成熟，只不过Apple Pay由于难以接受监管部门的苛刻条件未能进入中国市场。</p></blockquote><p>刷脸也不无可能，三星早就开始试水脸部解锁功能，不过因为光照和拍摄角度等因素的影响，经常导致脸部识别解锁失败而没有全面推广罢了。当然也有成功的例子，Facebook开发的脸部识别系统DeepFace就能精确地识别人脸，甚至连侧脸也能识别。</p><p>就算比较冷门的键盘敲击识别也有了成功的案例，在线学习网站“课程时代”就曾推出一套“签名追踪”系统。要求学生输入一小段范文作为认证基础，来完成他们在线上课时的“点名签到”，杜绝冒名顶替者。对于有些公司防备非授权用户的操作，击键识别也很有效。</p><p>密码终归有机会被盗，但有两个东西是偷不走的，一个是生理特征，比如指纹、掌纹，另一个是行为习惯，前者基于生物识别技术，后者则可以用大数据来判断。支付宝团队曾举过一个形象的例子，一套包含18个字节的账号和密码，用户击打键盘，松开键盘，共产生35个节奏，这就如同笔迹，每个人的习惯都不一样，通过大数据智能分析，可以很好地标识用户，支付宝基于此研发的风控模型，能够有效辅助用户身份识别，准确率已经超过85%。</p><p>随着技术的推进，移动支付正逐渐成为主流，而支付宝也已经由一种单纯的移动支付工具朝着连接、平台和O2O 的方向发展，我们期待着未来的移动支付，能够带给我们更多的方便和惊喜。</p>', 0, 0, '', 1, 1536386132, 1537775878),
(2, 'admin', '支付系统设计-支付网关设计', '在电子支付还没有普及的时候，商户支持一家银行是通过对接这家银行提供的一个系统接口来完成的。然后随着支付行业的不断发展，商户已经不满足于支付环节只支持一个银行或者两个银行了。此时商户的支付系统需要同时对接多个银行，并处理好由此导致的很多衍生问题，例如对账、清算等。而且开发一套这样的系统所需的人力成本和时间成本也是商户所不愿意接受的。', '<h2>支付网关的由来</h2><p>        在电子支付还没有普及的时候，商户支持一家银行是通过对接这家银行提供的一个系统接口来完成的。然后随着支付行业的不断发展，商户已经不满足于支付环节只支持一个银行或者两个银行了。此时商户的支付系统需要同时对接多个银行，并处理好由此导致的很多衍生问题，例如对账、清算等。而且开发一套这样的系统所需的人力成本和时间成本也是商户所不愿意接受的。</p><p>        此时，第三方支付机构诞生了，他们来开发运营一套系统，代替商户实现同时对接多个银行系统的功能，然后通过统一的接口提供给商户使用。所以这一个阶段第三方支付机构的系统就是支付网关。它所具备的基础功能除了实现商户业务系统与银行系统之间的链接，还包括很多其它的支付业务相关基础功能，包括：订单管理、渠道管理、风控管理、路由配置、帐务管理、清算管理、商户管理和用户管理等。</p><p>        随着线上支付的进一步发展，第三方支付机构越来越多，这时候商户需要解决的问题已经不再是如何接入多家银行，而是如何接入多家支付机构。此时商户对支付系统的需求也发生了变化，网关的位置也进一步前移，对商户的支付系统提出了更高的要求。现在也有一个角色愿意为商户来实现类似功能，那就是类似 Ping++ 这样的聚合支付服务提供商。</p><p>       从商户的角度讲，此时的支付网关和传统支付网关区别在于，关注点会更少，商户只需要关注订单、渠道、风控、账务管理和路由配置即可。为了更清楚的解释说明，我用一趟出境自由行之旅来演示一笔订单在上述各个模块之间的流转过程。通常一笔订单的处理涉及到四个环节，有创建订单、报文签字、支付路由、结果确认。为了更好的配套，我们还加入了商户入网。</p><h2>护照 – 渠道入网申请</h2><p>        渠道入网申请是订单和渠道管理的首要环节，就好比出境游首先要有护照。当然并不是说有了护照就可以去任意国家和地区。不同的地区需要不同的护照类型（护照，港澳通行证等）。同样，使用不同的支付渠道，也需要分别进行入网申请。这里，尤其需要了解的一点是，支付渠道不等于支付产品。无论支付宝或者微信支付，在不同的前端场景下，比如 App 支付、网页支付，都有相应的支付产品。所以，并不是说商户要用微信支付就只需要接入微信支付的一个接口。微信的开放平台和微信的公众平台就需要申请两个独立的支付权限，经常有客户误把开放平台的 ID 配到公众平台，导致报错。</p><h2>签证 – 创建支付订单</h2><p>        有了护照以后，我们还需要办理签证才能出国。此时是需要提供一些必要信息的，例如往返机票信息，目的地酒店信息等。这也与创建支付订单同理，我们需要提供一笔订单所需的必要要素。在这个环节，我们需要注意一下几点：</p><h3><span>1. 订单号</span></h3><p>        如果自己做支付系统，订单号是第一个要考虑到的问题。当我们同时做多个支付产品对接的时候，首先需要注意订单号的格式，不同支付产品渠道对订单的格式要求不一样，特别是银行端的格式更特殊一些。其次是订单号的唯一性。在实际操作的时候，订单号的唯一性不仅和技术实现有关，还和业务流程有关，例如同一订单是否支持多次支付等。这里我们建议区分业务订单和支付订单两个维度。通过业务订单和支付订单的一对多映射来解决唯一性问题。</p><h3><span>2. 订单有效期</span></h3><p>        订单有效期可以分为两个部分：支付有效期和退款有效期。</p><p>支付有效期是可以商户自定义的，需要注意的是不同渠道的参数使用方法不一样，有的是相对时间，有的是绝对时间。</p><p>而退款有效期是由渠道规定的，不同机构的退款有效期不一样。这样我们在业务设计的时候需要取一个最小值。对于超出渠道退款有效期的订单而业务上又要允许退款，那么为了保证订单信息的正确性，必要的时候必须使用专门的逻辑来处理。</p><h2>接口适配</h2><p>        支付宝手机支付和微信支付/银联移动支付的接口区别可以用签证类型很好的类比。</p><p>        支付宝手机支付发起是由商户在后台将所有东西按照渠道的要求进行处理、准备，然后直接前端通过控件调起支付宝的 App 发起支付。这非常像我们的落地签，自己准备好必要材料，飞机落地以后对方海关才进行查验。</p><p>        而微信支付和银联移动支付等渠道则必须先进行后台请求，请求通过后，再由前端发起支付动作。这就和标准的签证非常类似了,资料不符合要求前，是拿不到签证的，也就无法进行后续操作。这就是不同支付渠道在业务逻辑上有差异的地方，不同渠道的订单落地顺序、落地内容，以及后续的状态更新等在支付网关设计时都需要相应考虑。<br>出境查验 – 报文签名</p><p>        出境查验相当于报文签名。出境查验的时候，我们需要检查护照和签证的合法性。签名的作用类似，一是防篡改，二是防抵赖。这个环节，需要弄清楚两个概念：对称加密 AES 和非对称加密 RSA。可以区分公私钥就基本上没有问题了。<br>风控管理</p><p>        出行要注意安全，同理，支付系统也要考虑到风控管理。通常我们把风控管理分为两个层面，一个是账户资金风险控制，另外一个是业务风险控制。</p><p>        账户资金风险控制这环是由支付机构来负责的，因为如果支付机构的支付安全层面出现问题，将导致用户信息泄露、资金损失以及非法交易等一系列问题。所以这些机构都花了足够的精力去做账户风险控制，这样的后果就是，商户首先是无法接触到消费者的个人支付敏感要素的。当然，我们就可以投入更多的精力在业务风险的领域。</p><p>        业务领域的风险控制更多需要考虑业务漏洞导致的风险。互联网产品常见业务风险包括恶意刷单、套现、薅羊毛。我们防止这几类风险的常见方式是通过对一些关键要素的采集，比如交易帐户、支付帐户、交易频次、交易金额、交易时间、交易地点等，然后基于相应的风控规则进行判断，最后根据判断结果来做相应处理。</p><h2>入境查验 – 结果通知，验签，状态更新</h2><p>        这是支付最后的环节。很多商户经常困惑是通过异步通知，还是通过主动查询来确定最终支付结果？这两个方案我们认为是并存的，一个是保证效率，一个是保证可用性。我们建议客户根据自己的业务特点对两个机制进行有效的配合使用。</p><p>        同时，我们需要注意的是并不是所有的支付机构都具备异步通知逻辑；也并不是所有的退款都有异步通知，比如微信退款。所以，支付网关要在这个环节来进行同一化处理，确保后端业务系统对接的规则一致性。</p><h2>旅游账单 – 对账</h2><p>        最后讲一下对账，对账管理一般分为渠道对账和内部对账。渠道对账要保证清算资金、支付订单状态的一致性，内部对帐必须保证交易单、支付单、财务明细的一致性。</p><p>        通常来说，对账主要包含以下几步：获取对帐单，对账单数据格式化，交易金额和订单状态一致性核查，以及差错处理。</p><p>        差错有两种常规类型：长款和短款。站在商户维度来说，长款就是商户多收到钱。一般来说，订单状态不正确和重复支付都会导致长款。短款就是商户少收到钱，这种情况一般概率较低，大多出现在第三方机构与银行系统之间的业务对接环节。</p><p>        订单的差错处理，我们强烈建议人工介入，不要自动处理。因为这个涉及到资金的进出，必须要谨慎处理。</p><h2>支付路由</h2><p>        经常会有商户问，我们需不需要做支付路由。实际上，在目前支付网关需要对接的是不同支付产品，当该支付产品的入口是唯一的时候，是无法进行支付路由设计的，最直接的例子就是微信和支付宝。但现在不少银行都成了微信和支付宝的代理商，支持他们的线下或者线上支付产品。在这个前提下，是可以做一定的支付路由处理的。通常来说，支付路由主要是基于：成本，稳定性和流量均衡这几点来考虑进行设计的。而且，支付路由不单单是一个支付请求的路由设计，对于后续支付结果的处理，资金的对账等都需要仔细分析处理。</p>', 0, 0, '', 1, 1537778109, 1537778182),
(3, 'admin', '一般支付平台最基本的考虑要素', '一般支付平台最基本的考虑要素：  1、账户管理：用户是否有资金账户，如果有资金账户，资金账户就可以单独成为一个系统。至少涵盖账户流水、日对账、挂账处理、销账处理、个人账户信息等等。如果涉及到商户，那么商户资金账户也有一套，同时还会涉及到商户的账户信息、签约等等；', '<p>一般支付平台最基本的考虑要素：</p><p>1、账户管理：用户是否有资金账户，如果有资金账户，资金账户就可以单独成为一个系统。至少涵盖账户流水、日对账、挂账处理、销账处理、个人账户信息等等。如果涉及到商户，那么商户资金账户也有一套，同时还会涉及到商户的账户信息、签约等等；</p><p>2、风控管理：交易限额管理、交易监控管理、实名认证，可疑交易处理<span>等等</span>，保证资金交易风险。</p><p>3、支付管理：资金路由管理、银行渠道管理等等</p><p>4、清结算管理：商户结算费率管理、银行机构费率管理、备付金管理、对账管理（资金账户间对账、银行机构对账、商户对账等、个人资金账户对账，要看你的具体要求）、差错处理、结算管理、机构服务费管理、分润管理（如果有对应商户）、头寸调拨、对账文件生成等等</p><p>5、支付产品：批量代收付、移动支付、WAP支付、快捷支付、网银支付等等</p><p><br></p><p><br></p>', 0, 0, '', 1, 1537778346, 1537778702),
(4, 'admin', '浅析支付系统的整体架构', '浅析支付系统的整体架构', '<h2>支付的典型架构</h2><p>每个公司根据其业务和公司发展的不同阶段，所设计的支付系统也会有所不同。我们先看看互联网公司的一些典型的支付系统架构。</p><h3><span>支付宝</span></h3><p>先看看业内最强的支付宝系统，<a href="http://www.woshipm.com/pmd/160822.html" target="_blank">支付宝的支付系统整体架构设计</a></p><p><img data-action="zoom" class="size-full wp-image-640457 aligncenter" src="https://zyu.cn/d/file/content/2017/12/5a45aec7cf5e3.png" alt="" width="592" height="444"></p><p>这个整体架构上并没有与众不同之处。在模块划分上，这个图显示的是最顶层的划分，也无法告知更多细节。 但支付宝架构强点在两个方面，一个是账务处理，分为内外两个子系统，外部子系统是单边账，内部子系统走复式记账。 不少支付平台是从这里得到启发来搞定的对账系统。</p><p><img data-action="zoom" class="size-full wp-image-640459 aligncenter" src="https://zyu.cn/d/file/content/2017/12/5a45aec846b4a.png" alt="" width="603" height="431"></p><p><img data-action="zoom" class="size-full wp-image-640461 aligncenter" src="https://zyu.cn/d/file/content/2017/12/5a45aec871f41.png" alt="" width="585" height="429"></p><p>另一个亮点是柔性事务处理，利用消息机制来实现跨系统的事务处理，避免数据库锁导致的性能问题。</p><h3><span>京东金融</span></h3><p>来自<a href="http://www.360doc.com/content/16/0724/20/19476362_578094252.shtml" target="_blank">京东支付平台总体架构设计</a>&nbsp;。</p><p><img data-action="zoom" class=" wp-image-640463 aligncenter" src="https://zyu.cn/d/file/content/2017/12/5a45aec88dbb3.png" alt="" width="805" height="517"></p><p>京东金融是在网银在线的基础上发展起来的。 网银在线的原班技术人员有不少来自易宝公司，在京东收购之后，又引入了支付宝的人才。因而从架构上受这两个公司的影响很大。</p><h3><span>去哪儿</span></h3><p>来自<a href="https://sanwen8.cn/p/540ht7K.html" target="_blank">去哪儿公司分享的支付产品架构</a></p><p><img data-action="zoom" class=" wp-image-640464 aligncenter" src="https://zyu.cn/d/file/content/2017/12/5a45aec8abdbf.png" alt="" width="805" height="479"></p><h3><span>美团</span></h3><p>来自<a href="https://wenku.baidu.com/view/7daa609d376baf1ffd4fad09.html" target="_blank">美团的支付平台规划架构</a>&nbsp;。这是2015年的文档。 2016年美团才拿到支付牌照。 从这个架构，大家也能知道为什么美团必须拿到支付牌照。</p><p><img data-action="zoom" class=" wp-image-640465 aligncenter" src="https://zyu.cn/d/file/content/2017/12/5a45aec8d3ea0.png" alt="" width="801" height="506"></p><p>这些架构文档全部来自互联网公开资料。 对于架构是否真实反映实际系统情况，需要大家自行判断。 我们以这些文档为基础，分析支付系统的应有的软件架构。</p><h2>参考架构</h2><p>一般来说，支付系统典型架构会包含如下模块：</p><p><img data-action="zoom" class=" wp-image-640466 aligncenter" src="https://zyu.cn/d/file/content/2017/12/5a45aec8f0512.jpg" alt="" width="801" height="637"></p><p>支付系统从架构上来说，分为三层：</p><ol class=" list-paddingleft-2"><li><p>支撑层： 用来支持核心系统的基础软件包和基础设施， 包括运维监控系统、日志分析系统等。</p></li><li><p>核心层： 支付系统的核心模块，内部又分为两个部分： 支付核心模块以及支付服务模块。</p></li><li><p>产品层： 通过核心层提供的服务组合起来，对最终用户、商户、运营管理人员提供的系统。</p></li></ol><h2>支撑系统</h2><p>支撑系统是一个公司提供给支付系统运行的基础设施。 主要包括如下子系统：</p><ol class=" list-paddingleft-2"><li><p><span>运维监控</span>： 支付系统在下运行过程中不可避免的会受到各种内部和外部的干扰，光纤被挖断、黑客攻击、数据库被误删、上线系统中有bug等等，运维人员必须在第一时间内对这些意外事件作出响应，又不能够一天24小时盯着。这就需要一个运维监控系统来协助完成。</p></li><li><p><span>日志分析</span>： 日志是支付系统统计分析、运维监控的重要依据。公司需要提供基础设施来支持日志统一收集和分析。</p></li><li><p><span>短信平台</span>： 短信在支付系统中有重要作用： 身份验证、安全登录、找回密码、以及报警监控，都需要短信的支持。</p></li><li><p><span>安全机制</span>： 安全是支付的生命线。 SSL、证书系统、防刷接口等，都是支付的必要设施。</p></li><li><p><span>统计报表</span>： 支付数据的可视化展示，是公司进行决策的基础。</p></li></ol><p>远程连接管理、分布式计算、消息机制、全文检索、文件传输、数据存储、机器学习等，都是构建大型系统所必须的基础软件，这里不再一一详细介绍。</p><h2>支付核心系统</h2><p>支付核心系统指用户执行支付的核心流程，包括：</p><ol class=" list-paddingleft-2"><li><p>用户从支付应用启动支付流程。</p></li><li><p>支付应用根据应用和用户选择的支付工具来调用对应的支付产品来执行支付。</p></li><li><p>支付路由根据支付工具、渠道费率、接口稳定性等因素选择合适的支付渠道来落地支付。</p></li><li><p>支付渠道调用银行、第三方支付等渠道提供的接口来执行支付操作，最终落地资金转移。</p></li></ol><h2>支付服务系统</h2><p>支持支付核心系统所提供的功能。服务系统又分为基础服务系统、资金系统、风控和信用系统。</p><p>基础服务系统提供支撑线上支付系统运行的基础业务功能：</p><ol class=" list-paddingleft-2"><li><p><span>客户信息管理</span>：包括对用户、商户的实名身份、基本信息、协议的管理；</p></li><li><p><span>卡券管理</span>： 对优惠券、代金券、折扣券的制作、发放、使用流程的管理；</p></li><li><p><span>支付通道管理</span>: 通道接口、配置参数、费用、限额以及QOS的管理；</p></li><li><p><span>账户和账务系统</span>： 管理账户信息以及交易流水、记账凭证等。这里的账务一般指对接线上系统的账务，采用单边账的记账方式。 内部账记录在会计核算系统中。</p></li><li><p><span>订单系统</span>： 一般订单系统可以独立于业务系统来实现的。这里的订单，主要指支付订单。</p></li></ol><p>资金系统指围绕财务会计而产生的后台资金核实、调度和管理的系统，包括：</p><ol class=" list-paddingleft-2"><li><p><span>会计核算</span>： 提供会计科目、内部账务、试算平衡、日切、流水登记、核算和归档的功能。</p></li><li><p><span>资金管理</span>： 管理公司在各个支付渠道的头寸，在余额不足时进行打款。 对第三方支付公司，还需要对备付金进行管理。</p></li><li><p><span>清算分润</span>： 对于有分润需求的业务，还需要提供清分清算、对账处理和计费分润功能。</p></li></ol><p>风控系统是支付系统必备的基础功能，所有的支付行为必须做风险评估并采取对应的措施；信用系统是在风控基础上发展的高级功能，京东的白条，蚂蚁花呗等，都是成功的案例。</p><h2>支付应用</h2><p>支撑系统、核心系统和服务系统，在每个公司的架构上应该是大同小异的，都是必不可少的模块。而支付应用是每个公司根据自己的业务来构建的，各不相同。 总的来说，可以按照使用对象分为针对最终用户的应用、针对商户的应用、针对运营人员的运营管理、BI和风控后台。</p>', 0, 0, '', 1, 1537778806, 1537778806),
(5, 'admin', '支付机构之间账户资金应该有条件互转！网联或可以打通！', '支付机构之间账户资金应该有条件互转！网联或可以打通！', '<p><span>中国支付清算协会第五期支付清算法务沙龙在北京举办，在本次活动中，关于支付机构之间资金转移法律合规问题，腾讯金融法务合规部副总监刘焕机认为，《非金融机构支付服务管理办法》(中国人民银行[2010]第2号令)(以下简称2号令)第四条对支付机构之间资金转移的禁止性要求，是监管部门出于支付机构内部信息不透明、监管难度大且容易滋生洗钱等不合规行为的立法目的而设立。但在交通、电商等领域，用户、商户分布在不同的支付机构，支付机构之间的合作不可避免，为此，建议在有真实的基础交易且信息流清晰的便民领域，有条件地允许支付机构之间资金转移，并提出了建议性方案 针他提出三种方案：</span></p><p><br data-filtered="filtered"></p><blockquote><p><span>1、在中间增加一个合同主体，如关联公司</span></p><p><span>2、在中间增加银行机构对接，A机构--银行--B机构</span></p><p><span>3、在中间增加清算组织对接，A机构--清算组织--B机构</span></p></blockquote><p><br></p><p><span>腾讯金融法务合规负责人冯明杰指出，网联时代的来临，现有监管规则已不足以应对行业行为，应进一步更新调整监管规则，弥补现有规则的不足，支付圈了解截至目前网联清算平台已经成型并正常运营，多家支付机构即是股东也是业务机构，对于支付机构账户之间在符合监管前提下互转或很快就能实现！也就意味着支付宝账户钱有可能可以转移到微信支付账户中！不过最终的情况还要看各机构的对于这种业务形式的判断以及监管的态度！</span></p>', 0, 0, '', 1, 1537778858, 1537778858),
(6, 'admin', '支付机构之间账户资金应该有条件互转！网联或可以打通！', '支付机构之间账户资金应该有条件互转！网联或可以打通！', '<p><span>中国支付清算协会第五期支付清算法务沙龙在北京举办，在本次活动中，关于支付机构之间资金转移法律合规问题，腾讯金融法务合规部副总监刘焕机认为，《非金融机构支付服务管理办法》(中国人民银行[2010]第2号令)(以下简称2号令)第四条对支付机构之间资金转移的禁止性要求，是监管部门出于支付机构内部信息不透明、监管难度大且容易滋生洗钱等不合规行为的立法目的而设立。但在交通、电商等领域，用户、商户分布在不同的支付机构，支付机构之间的合作不可避免，为此，建议在有真实的基础交易且信息流清晰的便民领域，有条件地允许支付机构之间资金转移，并提出了建议性方案 针他提出三种方案：</span></p><p><br data-filtered="filtered"></p><blockquote><p><span>1、在中间增加一个合同主体，如关联公司</span></p><p><span>2、在中间增加银行机构对接，A机构--银行--B机构</span></p><p><span>3、在中间增加清算组织对接，A机构--清算组织--B机构</span></p></blockquote><p><br></p><p><span>腾讯金融法务合规负责人冯明杰指出，网联时代的来临，现有监管规则已不足以应对行业行为，应进一步更新调整监管规则，弥补现有规则的不足，支付圈了解截至目前网联清算平台已经成型并正常运营，多家支付机构即是股东也是业务机构，对于支付机构账户之间在符合监管前提下互转或很快就能实现！也就意味着支付宝账户钱有可能可以转移到微信支付账户中！不过最终的情况还要看各机构的对于这种业务形式的判断以及监管的态度！</span></p>', 0, 0, '', 0, 1539154636, 1539184920),
(7, 'admin', '测试文章', '测试文章测试文章测试文章测试文章测试文章测试文章测试文章', '<p>测试文章测试文章测试文章测试文章测试文章测试文章测试文章测试文章测试文章测试文章测试文章测试文章测试文章测试文章测试文章测试文章测试文章测试文章测试文章测试文章测试文章测试文章测试文章测试文章测试文章测试文章测试文章测试文章测试文章测试文章测试文章测试文章测试文章测试文章测试文章测试文章测试文章测试文章测试文章测试文章测试文章测试文章测试文章测试文章测试文章测试文章测试文章测试文章测试文章测试文章测试文章测试文章测试文章测试文章测试文章测试文章测试文章测试文章测试文章测试文章测试文章测试文章测试文章测试文章测试文章测试文章测试文章测试文章测试文章测试文章测试文章测试文章测试文章测试文章测试文章测试文章测试文章测试文章测试文章测试文章测试文章测试文章测试文章测试文章测试文章测试文章测试文章</p>', 0, 0, '', 0, 1539154652, 1539158251),
(8, '人民日报', '泾渭由来两清浊 ——给中国对世界的贡献算算账', '中国发展给世界带来了什么？这个问题原本不难回答，但近来美国一些奇谈怪论甚嚣尘上，俨然成了“标准答案”。例如，美国有种说法认为，中国崛起是在搞“经济侵略”，是在实施“地缘政治扩张”，是在“破坏国际规则”。类似论调在美国由来已久，只不过是一股暗流，如今却堂而皇之地成为美国官方的说辞。9月17日，美国领导人居然在其声明中指责中国“对美国经济的长期健康和繁荣构成严峻威胁”。更有甚者，10月4日，美国副总统在演讲中妄称，中国的“成功在很大程度上是由美国在中国的投资所推动的”，“在过去的25年里‘我们重建了中国’”。', '<p>中国发展给世界带来了什么？这个问题原本不难回答，但近来美国一些奇谈怪论甚嚣尘上，俨然成了“标准答案”。例如，美国有种说法认为，中国崛起是在搞“经济侵略”，是在实施“地缘政治扩张”，是在“破坏国际规则”。类似论调在美国由来已久，只不过是一股暗流，如今却堂而皇之地成为美国官方的说辞。9月17日，美国领导人居然在其声明中指责中国“对美国经济的长期健康和繁荣构成严峻威胁”。更有甚者，10月4日，美国副总统在演讲中妄称，中国的“成功在很大程度上是由美国在中国的投资所推动的”，“在过去的25年里‘我们重建了中国’”。真是天大的笑话！既然如此，就不能不在世人面前认真评评理、算算账了。这个账怎么算呢？首先，可以从推动世界发展的角度，算一算中国做出多少贡献；其次，可以从促进世界和平的角度，看一看中国做了哪些事；第三，可以从维护国际秩序的角度，评一评中国究竟有没有破坏国际规则。</p><p><strong>一、中国是全球发展的推动者，而不是在搞“经济侵略”</strong></p><p>美国指责中国在世界上搞“经济侵略”，还说自己就是受害者，认为中国“采用了一系列与自由和公平贸易相悖的政策手段……为北京奠定了制造业的基础，但却以牺牲其竞争对手，特别是美利坚合众国的利益为代价”，“中国的这些行为造成了与美国的贸易逆差”，并且口口声声“敦促中国改变这些不公平的做法”，为此甚至不惜挑起贸易战。那现在世界上的损益账该怎么算？这得好好说道说道。</p><p>美国认为对华货物贸易存在巨额逆差是“吃亏”，受到了“经济侵略”，还说“吃亏”金额为“2000亿美元”。贸易账不能这样算。要看到，贸易是相互的，各取所需，你情我愿，中国从未强买强卖，也不刻意追求顺差。美国对中国有巨大的市场需求，有买又有卖。根据联合国统计，2017年美国对华货物出口1298.9亿美元，较2001年的191.8亿美元增长577%，远远高于同期美国对全球112%的出口增幅。这还是在美国严格限制对华出口商品种类，有些科技含量都不让卖的情况下做到的。如果美国肯卖高科技产品的话，还会有这么大逆差吗？比方说，美国的福特级航母卖不卖？一艘按150亿美元算，卖给中国4艘，马上就能填上600亿美元的逆差。即便不说航母这么高端的，哪怕美国稍许放宽对华出口限制，货物贸易逆差也不是现在这个状态。据美国卡内基国际和平基金会2017年4月的报告分析，美国若将对华出口管制放松至对巴西的水平，美国对华贸易逆差可缩减24%；如果放松至对法国的水平，美国对华贸易逆差可缩减35%。可见，问题不出在“中国不买”，而出在“美国不卖”。</p><p>何况，还得考虑服务贸易。美国方面统计，2007—2017年，美国对华服务出口额由131.4亿美元扩大到576.3亿美元，增长了3.4倍，而同期美国对世界其他国家和地区的服务出口额增长1.8倍，美国对华服务贸易年度顺差扩大30倍至402亿美元。</p><p>实际上，算中美贸易的损益账，只考虑中美两国过于片面，因为它是过去几十年来经济全球化的一部分，不能脱离全球视角。几十年来，美国本土的加工、组装等制造环节向全球转移，自身保留设计、营销等服务环节。中国成了全球产业转移的最大承接地，很多货物出口都是美国等国家在华生产并“买回去”的。在产品价值链中，跨国企业拿到的是大头，中国企业拿到的是小头，只是一点加工费、辛苦钱，全算作中国“赚了”显然不公平。</p><p>中国的发展不但不是“经济侵略”，反而是世界经济增长的重要引擎。2013年以来，中国对世界经济增长的贡献率持续保持在30%左右，始终居世界第一位，2017年更高达34.6%，约为美国的两倍。中国的发展还给世界带来更大的市场。2001年到2017年，中国货物进口平均增速达13.5%，是世界平均数的两倍；同期中国服务贸易进口平均增速16.7%，是世界平均数的2.7倍。2011年到2017年，中国进口货物和服务总额占全球的份额由8.4%增至10.1%，提高1.7个百分点，而同期美国则下降了0.5个百分点。</p><p>在世界上，中国也是就业机会的重要创造者。目前中国与“一带一路”沿线国家共同建设境外经贸合作区80多个，为当地增加了24.4万个就业岗位。国际四大会计师事务所之一的安永事务所指出，2005年到2016年，中国在非洲创造的就业岗位超过13万个，是美国创造岗位的3倍多。此外，据国际劳工组织发布的《中国与拉美和加勒比地区经贸关系报告》，1990年到2016年，中国为拉美和加勒比地区创造了180万个就业岗位。</p><p>美国国内有说法称，中国“抢走”了美国人的饭碗，依据是美国有一些工厂转移到了中国，这是片面的、站不住脚的。美中贸易全国委员会2017年发布的报告指出，中美经贸关系支持了约260万个美国就业岗位。另外，美国波尔州立大学的一份研究报告指出，相比1979年时美国制造业岗位数的巅峰，当前美国的确失去了约700万个制造业岗位，但其中88%的原因在于工业自动化水平的提高减少了对劳动力的需求，与中国没有关系。美国企业在哪设厂，从根本上说是由资本的逐利性决定的，不是谁想拉就能拉来的。</p><p>中国的发展不仅没有“侵略”别人，反而为世界扩大了市场、创造了就业、贡献了智慧，促进了世界发展，是对联合国千年发展目标和2030年可持续发展议程强有力的支持。中国的发展，拓展了占世界总人口80%以上的广大发展中国家走向现代化的途径，给世界上那些既希望加快发展又希望保持自身独立性的国家和民族，提供了全新选择。肯尼亚执政党总书记图朱感慨地说：“中国的成就在人类历史上没有先例，它给非洲人民带来希望，让他们感到光明就在隧道的尽头。”</p><p>中国的发展绝非美国某些政客所言“由美国在中国的投资所推动的”，而是十多亿中国人民辛辛苦苦干出来的。即便说到对华投资，无论是流量还是存量，美国也不是最多的，更遑论“重建了中国”。据有关统计数据，20世纪80年代以来，在华外国投资中，美资只占到大约7%—10%。相反，美国从对华投资中赚了个盆满钵满。</p><p><strong>二、中国是世界和平的建设者，而不是在搞“地缘扩张”</strong></p><p>美国还指责中国搞“地缘政治扩张”，利用所谓的“债务陷阱外交”来扩大影响力。这真是荒谬之极。</p><p>美国副总统在演讲中煞有介事地称，“可以问问斯里兰卡。它承担了巨额债务，让中国的国有企业建立了一个商业价值令人质疑的港口……它可能很快就会成为中国不断壮大的蓝水海军的一个前沿军事基地”。听听斯里兰卡驻华大使卡鲁纳塞纳·科迪图瓦库是怎么反驳的：“如果谁说中国政府给钱把斯里兰卡拖入‘债务陷阱’，我不同意，这绝对是错误的结论”，汉班托塔港的安全事务完全由斯里兰卡军方负责，“中国从来没有向我们提出过任何要求，我们从来也没有向中国提供过什么”。实际上，美国二战后一直将地缘政治作为外交的指导思想，把世界看作玩瓜分地盘游戏的“大棋局”。在此思维下，美国的眼中只有盟友或对手；基本手段无非是结盟、接触、遏制、干预乃至战争。从北约东扩到印太战略，无不是美国搞地缘政治扩张的产物。</p><p>当前，不稳定和不确定性正在成为世界和平主要威胁。衡量造成威胁还是促进世界和平，要看是在制造矛盾还是在维护稳定。被美国抹黑为“地缘政治扩张”的“一带一路”倡议，提出5年来，已有103个国家和国际组织与中国签署了118份“一带一路”方面的合作协议，“一带一路”倡议及其核心理念被纳入联合国、二十国集团、亚太经合组织、上合组织等重要国际机制成果文件。“一带一路”实际上是以“和平合作、开放包容、互学互鉴、互利共赢”超越零和思维的“大合唱”，是根本不同于地缘政治扩张的国际合作理念。</p><p>在当今世界，中国坚定发挥着和平与安全的维护者作用，以自身发展繁荣维护和平稳定。中国倡导并一贯坚持和平共处五项原则，是联合国五个常任理事国中派出维和部队最多的国家，截至2017年上半年，已累计派出维和军事人员3.5万余人次，先后参加了24项联合国维和行动，被国际社会誉为“维和行动的关键因素和关键力量”。中国从来没有为了石油或是资源发动过战争，从不使用“邪恶国家”、“失败国家”、“粪坑国家”这种除了制造矛盾外无助于解决任何问题的词语攻击别的国家。</p><p>从内部看，中国是世界主要经济体中社会治安最好的国家之一，美国盖洛普公司《2018年全球法律与秩序》调查显示，中国位居全球最安全旅行目的地前十名之列，并且是前十名中唯一的主要经济体。而美国社会治安形势十分糟糕。据权威机构统计，2014年到2017年，美国因枪击案死伤人数以5%左右的增速逐年上升，2017当年死伤人数达61813人，其中死亡15637人，每天有170人因枪击伤亡。</p><p>作为“世界警察”的美国，本应以维护和平为最大责任，但所作所为却一直是在打着“维护和平”的幌子发动战争。二战后，美国已发动或参与世界上30多场战争，几乎每两年新增一场。美国的好战成性给世界乃至其本国人民带来了巨大灾难。2003年到2012年，以莫须有理由发动的伊拉克战争，直接或间接导致65.5万伊拉克人死亡，2765名美国士兵阵亡，2万多名美国士兵伤残。美国插手的叙利亚战乱，导致大量民众流离失所。截至2018年8月，在联合国难民署登记注册的叙利亚难民达560万人，由此形成的难民危机深刻影响世界。美国2001年发动了阿富汗战争，已造成超过30万人伤亡，至今仍是一个“流血的伤口”。</p><p>包括经济安全在内的新要素已成为世界和平的重要组成部分，降低贸易壁垒才能提高合作水平，从而维护经济稳定。不断扩大开放的中国，从未主动挑起贸易争端，并充分履行入世承诺。中国还加大对发展中成员特别是最不发达国家成员援助力度，促进缩小南北发展差距。截至2018年3月，已对36个建交且已完成换文手续的最不发达国家97%税目产品实施零关税。今年以来，中国再次向全球宣布扩大开放措施，大幅度放宽市场准入，在服务业特别是金融业方面，全领域深度加快开放进程。</p><p>反观打着“对等开放”旗号的美国，滥用“国家安全”名义，组建了包括情报部门等多部门成员在内的“外国投资委员会”（CFIUS），不断拓展“国家安全”的涵盖范围，使“国家安全”成为美国任意阻碍外国企业进入美国的工具。仅在2017年“外国投资委员会”就以“国家安全”名义限制外国公司进入美国市场20多起，其中半数以上为中国公司。中美都是世贸组织成员，经贸上出现一些问题理应在世贸组织框架内解决。但美方却抛开世贸组织争端解决机制，根据自己的国内法蛮横地处理对外贸易摩擦，完全背离了世贸组织的基本原则，违反了美国承诺的关税减让和最惠国待遇义务。美国总统在声明中居然恫吓中国，“如果中国针对我们的农民或其他行业采取报复性行为，我们将立即展开阶段三，对额外大约2670亿美元的进口商品征收关税”。好一个只许州官放火，不准百姓点灯！</p><p><strong>三、中国是国际秩序的维护者，而不是在搅局</strong></p><p>美国常常指责中国“不遵守国际秩序”，诋毁中国在世界舞台上的作用。中国的许多作为都被扣上“破坏国际规则”的帽子，是“修正主义国家”，甚至被说成另起炉灶、另搞一套。</p><p>事实是，中国直接参与了二战后国际秩序的构建，是联合国的创始成员国。中国代表董必武第一个在《联合国宪章》上签字。中国自1971年恢复在联合国及其所属一切机构的合法席位以来，一直在不断“加群”，当前中国已加入400多项多边条约，参加了所有联合国专门机构和大约90%政府间国际组织，全面融入当代国际秩序。《国际组织年鉴2017—2018》数据表明，中国对国际组织的参与率正在快速接近参与率最高的法、德等国水平，并且增速在主要经济体中是最快的。多项研究认为， 中国已经高度融入了国际组织体系， 并且是国际秩序的坚定维护者、积极建设者。</p><p>在全球治理中，越来越多的国家希望中国发挥更大作用。近年来，中国提出了共商共建共享的“一带一路”倡议，创建亚洲基础设施投资银行，恰恰是对现有国际秩序的有益补充和完善。中国还相继举办了亚太经合组织领导人非正式会议、二十国集团杭州峰会、首届“一带一路”国际合作高峰论坛、金砖国家领导人第九次会晤等重大主场外交活动，重申深化改革、扩大开放的理念，欢迎世界各国搭乘中国发展的高速列车，受到国际社会广泛欢迎。中国的“朋友圈”正在不断壮大。</p><p>反观二战后成为国际秩序主导者的美国，而今却在不断破坏国际秩序，不断“退群”、威胁“退群”，甚至“废群”。例如，美国已经退出全球应对气候变化的《巴黎协定》、联合国人权理事会、联合国教科文组织、全球移民协议、伊核协议等。美国主导的西方七国集团（G7）曾经在全球治理中发挥过重要作用。然而，如今它最受世界关注的焦点竟是其内部分歧。此外，美国还要在西方内部早已形成秩序的汽车、钢铁等领域搞“推倒重来”，使欧盟、日本都感到震惊。事实证明，中国是国际秩序的维护者，而美国是国际秩序的搅局者。</p><p>当今世界，你中有我、我中有你，奉行单边主义、固执零和思维，是没有前途的。中国人民不是吓大的，从来不怕鬼、不信邪。不管世界如何变化，中国将坚定不移地与国际社会一道，致力于构建新型国际关系，致力于构建人类命运共同体，为人类进步事业作出更大贡献。</p><p>不要人夸颜色好，只留清气满乾坤。</p><p><span id="paper_num">《 人民日报 》（ 2018年10月10日 02 版）</span></p>', 0, 0, '', 0, 1539157958, 1539527543);

-- --------------------------------------------------------

--
-- 表的结构 `cm_auth_group`
--

CREATE TABLE IF NOT EXISTS `cm_auth_group` (
  `id` mediumint(8) unsigned NOT NULL COMMENT '用户组id,自增主键',
  `uid` int(10) unsigned NOT NULL DEFAULT '0',
  `module` varchar(20) NOT NULL DEFAULT '' COMMENT '用户组所属模块',
  `name` char(30) NOT NULL DEFAULT '' COMMENT '用户组名称',
  `describe` varchar(80) NOT NULL DEFAULT '' COMMENT '描述信息',
  `status` tinyint(1) NOT NULL DEFAULT '1' COMMENT '用户组状态：为1正常，为0禁用,-1为删除',
  `rules` varchar(1000) NOT NULL DEFAULT '' COMMENT '用户组拥有的规则id，多个规则 , 隔开',
  `update_time` int(11) unsigned NOT NULL DEFAULT '0',
  `create_time` int(11) unsigned NOT NULL DEFAULT '0'
) ENGINE=InnoDB AUTO_INCREMENT=3 DEFAULT CHARSET=utf8 COMMENT='权限组表';

--
-- 转存表中的数据 `cm_auth_group`
--

INSERT INTO `cm_auth_group` (`id`, `uid`, `module`, `name`, `describe`, `status`, `rules`, `update_time`, `create_time`) VALUES
(1, 1, '', '	\r\n超级管理员', '拥有至高无上的权利', 1, '1,2,3,4,5,6,7,8,9,10,11,12,13,14,15,16,17,18,19,20,21,22,23,24,25,26,27,28,29', 1539583897, 1539583849),
(2, 0, '', '管理员', '事情很多，权力很大', 1, '1,2,3,4,5,6,7,8,9,10,11,12,13,14,15,16,17,18,19,20,21,22,23,24,25,26,27,28,29', 1539583897, 1539589849);

-- --------------------------------------------------------

--
-- 表的结构 `cm_auth_group_access`
--

CREATE TABLE IF NOT EXISTS `cm_auth_group_access` (
  `member_id` int(10) unsigned NOT NULL DEFAULT '0' COMMENT '用户id',
  `group_id` mediumint(8) unsigned NOT NULL DEFAULT '0' COMMENT '用户组id',
  `update_time` int(11) unsigned NOT NULL DEFAULT '0',
  `create_time` int(11) unsigned NOT NULL DEFAULT '0',
  `status` tinyint(1) unsigned NOT NULL DEFAULT '1'
) ENGINE=InnoDB DEFAULT CHARSET=utf8 COMMENT='用户组授权表';

-- --------------------------------------------------------

--
-- 表的结构 `cm_balance`
--

CREATE TABLE IF NOT EXISTS `cm_balance` (
  `id` mediumint(8) unsigned NOT NULL,
  `uid` mediumint(8) NOT NULL COMMENT '商户ID',
  `balance` decimal(12,3) unsigned DEFAULT '0.000' COMMENT '总金额=可用+冻结',
  `enable` decimal(12,3) unsigned DEFAULT '0.000' COMMENT '可用余额(已结算金额)',
  `disable` decimal(12,3) unsigned DEFAULT '0.000' COMMENT '冻结金额(待结算金额)',
  `status` tinyint(1) NOT NULL DEFAULT '1' COMMENT '账户状态 1正常 0禁止操作',
  `create_time` int(10) NOT NULL COMMENT '创建时间',
  `update_time` int(10) NOT NULL COMMENT '更新时间'
) ENGINE=InnoDB AUTO_INCREMENT=5 DEFAULT CHARSET=utf8mb4 COMMENT='商户资产表';

--
-- 转存表中的数据 `cm_balance`
--

INSERT INTO `cm_balance` (`id`, `uid`, `balance`, `enable`, `disable`, `status`, `create_time`, `update_time`) VALUES
(1, 100001, '198.000', '0.500', '0.000', 1, 1539069678, 1539073772),
(2, 100002, '0.000', '0.000', '0.000', 1, 1539073577, 1539073772),
(3, 100003, '0.000', '0.000', '0.000', 1, 1539179585, 1539073772),
(4, 100004, '0.000', '0.000', '0.000', 1, 1539925334, 1539925334);

-- --------------------------------------------------------

--
-- 表的结构 `cm_balance_cash`
--

CREATE TABLE IF NOT EXISTS `cm_balance_cash` (
  `id` mediumint(8) unsigned NOT NULL,
  `uid` mediumint(8) NOT NULL COMMENT '商户ID',
  `settle_no` varchar(80) NOT NULL COMMENT '对应结算申请',
  `cash_no` varchar(80) NOT NULL COMMENT '取现记录单号',
  `amount` decimal(12,3) NOT NULL DEFAULT '0.000' COMMENT '取现金额',
  `account` int(2) NOT NULL COMMENT '取现账户（关联商户结算账户表）',
  `remarks` varchar(255) NOT NULL COMMENT '取现说明',
  `status` tinyint(1) NOT NULL DEFAULT '0' COMMENT '取现状态',
  `create_time` int(10) NOT NULL COMMENT '申请时间',
  `update_time` int(10) NOT NULL COMMENT '处理时间'
) ENGINE=InnoDB DEFAULT CHARSET=utf8mb4 COMMENT='商户账户取现记录';

-- --------------------------------------------------------

--
-- 表的结构 `cm_balance_change`
--

CREATE TABLE IF NOT EXISTS `cm_balance_change` (
  `id` mediumint(8) unsigned NOT NULL,
  `uid` mediumint(8) NOT NULL COMMENT '商户ID',
  `type` varchar(20) NOT NULL DEFAULT 'enable' COMMENT '资金类型',
  `preinc` decimal(12,3) NOT NULL DEFAULT '0.000' COMMENT '变动前金额',
  `increase` decimal(12,3) NOT NULL DEFAULT '0.000' COMMENT '增加金额',
  `reduce` decimal(12,3) NOT NULL DEFAULT '0.000' COMMENT '减少金额',
  `suffixred` decimal(12,3) NOT NULL DEFAULT '0.000' COMMENT '变动后金额',
  `remarks` varchar(255) NOT NULL COMMENT '资金变动说明',
  `status` tinyint(1) NOT NULL DEFAULT '0',
  `create_time` int(10) NOT NULL COMMENT '创建时间',
  `update_time` int(10) NOT NULL COMMENT '更新时间'
) ENGINE=InnoDB AUTO_INCREMENT=62 DEFAULT CHARSET=utf8mb4 COMMENT='商户资产变动记录表';

--
-- 转存表中的数据 `cm_balance_change`
--

INSERT INTO `cm_balance_change` (`id`, `uid`, `type`, `preinc`, `increase`, `reduce`, `suffixred`, `remarks`, `status`, `create_time`, `update_time`) VALUES
(1, 100001, 'disable', '0.000', '99.000', '0.000', '99.000', '预下单支付金额', 0, 1539706969, 1539706969),
(2, 100001, 'disable', '99.000', '0.000', '99.000', '0.000', '订单超时回扣', 0, 1539707592, 1539707592),
(3, 100001, 'enable', '198.000', '0.000', '99.000', '99.000', '未知变动记录', 0, 1539707816, 1539707816),
(4, 100001, 'enable', '99.000', '0.000', '99.000', '0.000', '记录资金变动 --扣减enable至balance', 0, 1539708117, 1539708117),
(5, 100001, 'disable', '0.000', '1.000', '0.000', '1.000', '预下单支付金额', 0, 1539759373, 1539759373),
(6, 100001, 'disable', '1.000', '0.100', '0.000', '1.100', '预下单支付金额', 0, 1539759394, 1539759394),
(7, 100001, 'disable', '1.100', '0.000', '0.100', '1.000', '支付成功，转移至结算金额', 0, 1539759446, 1539759446),
(8, 100001, 'enable', '0.000', '0.100', '0.000', '0.100', '支付成功，待支付金额转入', 0, 1539759446, 1539759446),
(9, 100001, 'disable', '1.000', '0.000', '1.000', '0.000', '订单超时回扣', 0, 1539759986, 1539759986),
(10, 100001, 'disable', '0.000', '0.000', '0.100', '-0.100', '订单超时回扣', 0, 1539760004, 1539760004),
(11, 100001, 'disable', '0.000', '0.100', '0.000', '0.100', '预下单支付金额', 0, 1539760292, 1539760292),
(12, 100001, 'disable', '0.100', '0.000', '0.100', '0.000', '支付成功，转移至结算金额', 0, 1539760315, 1539760315),
(13, 100001, 'enable', '0.100', '0.100', '0.000', '0.200', '支付成功，待支付金额转入', 0, 1539760315, 1539760315),
(14, 100001, 'disable', '0.000', '0.000', '0.100', '-0.100', '订单超时回扣', 0, 1539760924, 1539760924),
(15, 100001, 'disable', '0.000', '0.100', '0.000', '0.100', '预下单支付金额', 0, 1539763176, 1539763176),
(16, 100001, 'disable', '0.100', '0.000', '0.100', '0.000', '支付成功，转移至结算金额', 0, 1539763228, 1539763228),
(17, 100001, 'enable', '0.200', '0.100', '0.000', '0.300', '支付成功，待支付金额转入', 0, 1539763228, 1539763228),
(18, 100001, 'disable', '0.000', '0.100', '0.000', '0.100', '商户号A20181017160948A17394预下单支付金额', 0, 1539763800, 1539763800),
(19, 100001, 'disable', '0.100', '0.000', '0.100', '0.000', '支付成功，转移至结算金额', 0, 1539763819, 1539763819),
(20, 100001, 'enable', '0.300', '0.100', '0.000', '0.400', '支付成功，待支付金额转入', 0, 1539763819, 1539763819),
(22, 100001, 'disable', '0.000', '0.100', '0.000', '0.100', '商户号A20181017161501A17940预下单支付金额', 0, 1539764110, 1539764110),
(23, 100001, 'disable', '0.100', '0.000', '0.100', '0.000', 'A20181017161510A17565支付成功，转移至待结算金额', 0, 1539764135, 1539764135),
(24, 100001, 'enable', '0.400', '0.100', '0.000', '0.500', 'A20181017161510A17565支付成功，待支付金额转入', 0, 1539764135, 1539764135),
(25, 100001, 'disable', '0.000', '0.000', '0.100', '-0.100', '订单ID1000000033超时回扣', 0, 1539764642, 1539764642),
(26, 100001, 'disable', '0.000', '1.000', '0.000', '1.000', '商户号A20181017163848A17430预下单支付金额', 0, 1539765535, 1539765535),
(27, 100001, 'disable', '1.000', '0.000', '1.000', '0.000', '订单ID1000000035超时回扣', 0, 1539766147, 1539766147),
(28, 100001, 'disable', '0.000', '1.000', '0.000', '1.000', '商户号A20181017222003A17764预下单支付金额', 0, 1539786101, 1539786101),
(29, 100001, 'disable', '1.000', '0.000', '1.000', '0.000', 'A20181017222003A17764超时回退', 0, 1539786713, 1539786713),
(30, 100001, 'disable', '0.000', '1.000', '0.000', '1.000', '商户号A20181017230015A17185预下单支付金额', 0, 1539788425, 1539788425),
(31, 100001, 'disable', '1.000', '1.000', '0.000', '2.000', '商户号A20181017230100A17141预下单支付金额', 0, 1539788464, 1539788464),
(32, 100001, 'disable', '2.000', '1.000', '0.000', '3.000', '商户号A20181017230735A17791预下单支付金额', 0, 1539788858, 1539788858),
(33, 100001, 'disable', '3.000', '0.000', '1.000', '2.000', 'A20181017230015A17185超时回退', 0, 1539789037, 1539789037),
(34, 100001, 'disable', '2.000', '0.000', '1.000', '1.000', 'A20181017230100A17141超时回退', 0, 1539789077, 1539789077),
(35, 100001, 'disable', '1.000', '1.000', '0.000', '2.000', '商户号A20181017231431A1740预下单支付金额', 0, 1539789274, 1539789274),
(36, 100001, 'disable', '2.000', '0.000', '1.000', '1.000', 'A20181017230735A17791超时回退', 0, 1539789471, 1539789471),
(37, 100001, 'disable', '1.000', '0.000', '1.000', '0.000', 'A20181017231431A1740超时回退', 0, 1539789885, 1539789885),
(38, 100001, 'disable', '0.000', '0.010', '0.000', '0.010', '商户号20181017532046561283预下单支付金额', 0, 1539791585, 1539791585),
(39, 100001, 'disable', '0.010', '0.000', '0.010', '0.000', '20181017532046561283超时回退', 0, 1539792197, 1539792197),
(40, 100001, 'disable', '0.000', '0.010', '0.000', '0.010', '商户号20181017203072632742预下单支付金额', 0, 1539793216, 1539793216),
(41, 100001, 'disable', '0.010', '0.010', '0.000', '0.020', '商户号20181017222876748995预下单支付金额', 0, 1539793333, 1539793333),
(42, 100002, 'disable', '0.000', '0.010', '0.000', '0.010', '商户号2018101724313037224预下单支付金额', 0, 1539793456, 1539793456),
(43, 100001, 'disable', '0.020', '0.000', '0.010', '0.010', '20181017203072632742超时回退', 0, 1539793828, 1539793828),
(44, 100002, 'disable', '0.010', '0.010', '0.000', '0.020', '商户号201810173125811预下单支付金额', 0, 1539793884, 1539793884),
(45, 100002, 'disable', '0.020', '0.010', '0.000', '0.030', '商户号201810173126794预下单支付金额', 0, 1539793884, 1539793884),
(46, 100002, 'disable', '0.030', '0.010', '0.000', '0.040', '商户号201810173155565预下单支付金额', 0, 1539793914, 1539793914),
(47, 100002, 'disable', '0.040', '0.010', '0.000', '0.050', '商户号201810173156143预下单支付金额', 0, 1539793915, 1539793915),
(48, 100001, 'disable', '0.010', '0.000', '0.010', '0.000', '20181017222876748995超时回退', 0, 1539793944, 1539793944),
(49, 100002, 'disable', '0.050', '0.010', '0.000', '0.060', '商户号201810173237698预下单支付金额', 0, 1539793956, 1539793956),
(50, 100002, 'disable', '0.060', '0.010', '0.000', '0.070', '商户号201810173238523预下单支付金额', 0, 1539793957, 1539793957),
(51, 100002, 'disable', '0.070', '0.010', '0.000', '0.080', '商户号201810173330707预下单支付金额', 0, 1539794008, 1539794008),
(52, 100002, 'disable', '0.080', '0.010', '0.000', '0.090', '商户号201810173330727预下单支付金额', 0, 1539794009, 1539794009),
(53, 100002, 'disable', '0.090', '0.000', '0.010', '0.080', '2018101724313037224超时回退', 0, 1539794070, 1539794070),
(54, 100002, 'disable', '0.080', '0.000', '0.010', '0.070', '201810173125811超时回退', 0, 1539794499, 1539794499),
(55, 100002, 'disable', '0.070', '0.000', '0.010', '0.060', '201810173126794超时回退', 0, 1539794499, 1539794499),
(56, 100002, 'disable', '0.060', '0.000', '0.010', '0.050', '201810173155565超时回退', 0, 1539794530, 1539794530),
(57, 100002, 'disable', '0.050', '0.000', '0.010', '0.040', '201810173156143超时回退', 0, 1539794530, 1539794530),
(58, 100002, 'disable', '0.040', '0.000', '0.010', '0.030', '201810173237698超时回退', 0, 1539794569, 1539794569),
(59, 100002, 'disable', '0.030', '0.000', '0.010', '0.020', '201810173238523超时回退', 0, 1539794573, 1539794573),
(60, 100002, 'disable', '0.020', '0.000', '0.010', '0.010', '201810173330707超时回退', 0, 1539794621, 1539794621),
(61, 100002, 'disable', '0.010', '0.000', '0.010', '0.000', '201810173330727超时回退', 0, 1539794624, 1539794624);

-- --------------------------------------------------------

--
-- 表的结构 `cm_balance_settle`
--

CREATE TABLE IF NOT EXISTS `cm_balance_settle` (
  `id` mediumint(8) unsigned NOT NULL,
  `uid` mediumint(8) NOT NULL COMMENT '商户ID',
  `settle_no` varchar(80) NOT NULL COMMENT '结算记录单号',
  `amount` decimal(12,3) NOT NULL DEFAULT '0.000' COMMENT '结算金额',
  `rate` decimal(4,3) NOT NULL,
  `fee` decimal(12,3) NOT NULL DEFAULT '0.000' COMMENT '费率金额',
  `actual` decimal(12,3) NOT NULL DEFAULT '0.000' COMMENT '实际金额',
  `remarks` varchar(255) NOT NULL COMMENT '申请结算说明',
  `status` tinyint(1) NOT NULL DEFAULT '0' COMMENT '结算状态：0-等待中 1-进行中 2- 已结款',
  `create_time` int(10) NOT NULL COMMENT '申请时间',
  `update_time` int(10) NOT NULL COMMENT '处理时间'
) ENGINE=InnoDB DEFAULT CHARSET=utf8mb4 COMMENT='商户账户结算记录';

-- --------------------------------------------------------

--
-- 表的结构 `cm_bank`
--

CREATE TABLE IF NOT EXISTS `cm_bank` (
  `id` mediumint(8) NOT NULL COMMENT '银行ID',
  `name` varchar(250) NOT NULL COMMENT '银行名称',
  `remarks` varchar(250) NOT NULL COMMENT '备注',
  `default` tinyint(1) NOT NULL DEFAULT '0' COMMENT '默认账户,0-不默认,1-默认',
  `status` tinyint(1) NOT NULL DEFAULT '1',
  `create_time` int(10) NOT NULL COMMENT '创建时间',
  `update_time` int(10) NOT NULL COMMENT '更新时间'
) ENGINE=InnoDB AUTO_INCREMENT=4 DEFAULT CHARSET=utf8mb4 COMMENT='系统支持银行列表';

--
-- 转存表中的数据 `cm_bank`
--

INSERT INTO `cm_bank` (`id`, `name`, `remarks`, `default`, `status`, `create_time`, `update_time`) VALUES
(1, '支付宝', '支付宝即时到账', 1, 1, 1535983287, 1535983287),
(2, '工商银行', '工商银行两小时到账', 0, 1, 1535983287, 1535983287),
(3, '农业银行', '农业银行两小时到账', 0, 1, 1535983287, 1535983287);

-- --------------------------------------------------------

--
-- 表的结构 `cm_channel`
--

CREATE TABLE IF NOT EXISTS `cm_channel` (
  `id` mediumint(8) NOT NULL COMMENT '渠道ID',
  `name` varchar(30) NOT NULL COMMENT '渠道名称,如:wx_qrcode,qq_qrcode',
  `rate` decimal(4,3) NOT NULL COMMENT '渠道费率',
  `daily` decimal(12,3) NOT NULL COMMENT '日限额',
  `param` text NOT NULL COMMENT '账户配置参数,json字符串',
  `remark` varchar(128) DEFAULT NULL COMMENT '备注',
  `status` tinyint(1) NOT NULL DEFAULT '1' COMMENT '渠道状态,0-停止使用,1-开放使用',
  `create_time` int(10) NOT NULL COMMENT '创建时间',
  `update_time` int(10) NOT NULL COMMENT '更新时间'
) ENGINE=InnoDB AUTO_INCREMENT=6 DEFAULT CHARSET=utf8mb4 COMMENT='交易渠道表';

--
-- 转存表中的数据 `cm_channel`
--

INSERT INTO `cm_channel` (`id`, `name`, `rate`, `daily`, `param`, `remark`, `status`, `create_time`, `update_time`) VALUES
(1, 'wx_scan', '0.020', '20000.000', '{"mchid":"1493758822","appid":"wx1c32cda245563ee1","key":""}', '公众号微信支付', 1, 1535983487, 1539764444),
(2, 'ali_web', '0.020', '20000.000', '{"appid":"2018030402313504","private_key":"/fqI1bt7dq4NPdero14dXgzL3XZt18QPAVntosqEjyI0QgiZZg3oXnh4fEgDwln+NFs8T/Ni/BDHMwzpuRpnNdglr6167kRj1frxjLWGUAgo3gmKQgZiVOmeFGNWEJ3vlB6nhfIrQOi2p+nPbPLOQKyUiJeGKh1aR3qGtFrUUpIYasizx3Kg/xdxMISzMSVOqDIxeVCB9FWSJXr9Ws6uErmpBI7lXmaAs3144Ie5rqRbKslMriJ3ovdaLlmTlXDxjbTR/AGsKu3XQIDAQABAoIBABX2a6FAmBqlQ/kQ37Gji/BxC3AxvUq/bMdNDEr4Sj0sgfSkOGtfTTU1a29xa+zNvSbP+EcBd+CImGqESafqClE1S3rEH9ASK3G9lwMCOdgCRTCMTLgSoT/uNsLjCfXlRgUWVEJj0u+sTP3SgxIeJkuxGdpy8rmNIqLa2mvB0mDYxiytOVyMO+J8amaTbz/MllRxa+iAxIbd/M12rrV3vvEYUgitvK4uXER62MZMyIvOW6Cf+CLfOq3Tsp+M1Jve4ox/xJOrg1815e9//+7hHcujjCo5XiG+u1rVyH+Tr/Qs6Rdk+CVgBiZ/YqWMSdFUBkUIYCKazzeVkzCkx0eJYIECgYEA3bIM0H7kCwfAHiWm5EGXEW8qoSTqc8bZMG5S6D2BuMTTVixRcfDTJlt2daKfxLRsU1ijrG6EVKaLblrBOFVJb1WYrgxgKkoUHIUqNwGMnTTe3dj8w2uA5/IUYcqmzwO5Rb49mc/1ATzzMqn2kUck5Vts9i8DpJUe0PLYJ7VkT5ECgYEAwavDC5NkPrE/QOYmvy1Aqj5vhKIr5W6IEGSGDMIfZ2e7o08URfRkc5jprZozcOl3MuseCE1I6ysIyDlvHtbV0eAl128xUWI5HXIC8zGrYJQ95Fsl2Xd6yymEC6CUKgnae2WyyOls3QM56XAmZbh1W+QN8Hsb5X0yLTii8LDsXQ0CgYB6AzVERqHxZCmbLfPFKkgfY0Rd/fg/EhCUtBNTGA7eBw2dHrUQdY9wS+RNZ9xwoTABSwaBry2LfUG90ZsICwBokv59w/flLnIVJEEQlvyxxNhn1rV+RBtlDHmlPKhDxPPh64rxrV9VeBsNJje6yyIGTSQR9dwWZ6/XJeBLMmzr0QKBgQC0uXeVAcF1zyjbgul9VNkXBJREDKExw+cshOGiXjO35tDuIAknDlv+kx7cZRzDrNkSptyrmpMFAG99iDrtaES3SJeHZbd73lC17YJbNmpaAXuP8I5tVFU96EvUHdClOfSrWcdwPILd6vjLoV/zZCH/0dxAIGFz0VRVZpiGSlMGsQKBgET9vKqOSvI88W8/Ve3YGOoXQ5qjrm5JqbL/J8f4GiOoDrBfaYij2Yg2WZlaPWi5t1KXh8IsN/Yn6NenY8CiI5hQZi/0CQM5ICEZmCnX3U1QdpffGzAbd/tb4ldmA3ez3cYNPzIP3q1bUQ3ybwO2eD8N978mHXBokoO0AHh01thZ","public_key":"MIIBIjANBgkqhkiG9w0BAQEFAAOCAQ8AMIIBCgKCAQEAix0lmphMY4htd8sw6kLMBGyju6p2y4pQtmiUpk7KxIV2NaUj0Zve2WJvPDptbKB0Lmn3EksPVG8VCrlh97shKjerm0gW314YN1DY/7RFPqxeeYNIFaMiGgf1ecMZUAOwO/v8NKn2nKH5hA0eMFxXNTtAXfSY/UBBnMFWOd765uQsXNn6r0PjhIpC2T9Hk+KfVm2eQ3QqY82/s0SaeebN/xjbkTsAc6yKGPCJxbe2vyE5coQ8iCj4pVvlFX6+SO+lEFvB56r8H+dQlDixPGgEGz+PZkUny7SZjFBZm5amH6XEl40ac9iWuuaW2C28FMoHX6XjJgu95aZMeVa5ZCrqmQIDAQAB"}', '测试支付宝web支付', 1, 1535983487, 1539368875),
(3, 'ali_web', '0.020', '20000.000', '{"appid":"2018030402313504","private_key":"/fqI1bt7dq4NPdero14dXgzL3XZt18QPAVntosqEjyI0QgiZZg3oXnh4fEgDwln+NFs8T/Ni/BDHMwzpuRpnNdglr6167kRj1frxjLWGUAgo3gmKQgZiVOmeFGNWEJ3vlB6nhfIrQOi2p+nPbPLOQKyUiJeGKh1aR3qGtFrUUpIYasizx3Kg/xdxMISzMSVOqDIxeVCB9FWSJXr9Ws6uErmpBI7lXmaAs3144Ie5rqRbKslMriJ3ovdaLlmTlXDxjbTR/AGsKu3XQIDAQABAoIBABX2a6FAmBqlQ/kQ37Gji/BxC3AxvUq/bMdNDEr4Sj0sgfSkOGtfTTU1a29xa+zNvSbP+EcBd+CImGqESafqClE1S3rEH9ASK3G9lwMCOdgCRTCMTLgSoT/uNsLjCfXlRgUWVEJj0u+sTP3SgxIeJkuxGdpy8rmNIqLa2mvB0mDYxiytOVyMO+J8amaTbz/MllRxa+iAxIbd/M12rrV3vvEYUgitvK4uXER62MZMyIvOW6Cf+CLfOq3Tsp+M1Jve4ox/xJOrg1815e9//+7hHcujjCo5XiG+u1rVyH+Tr/Qs6Rdk+CVgBiZ/YqWMSdFUBkUIYCKazzeVkzCkx0eJYIECgYEA3bIM0H7kCwfAHiWm5EGXEW8qoSTqc8bZMG5S6D2BuMTTVixRcfDTJlt2daKfxLRsU1ijrG6EVKaLblrBOFVJb1WYrgxgKkoUHIUqNwGMnTTe3dj8w2uA5/IUYcqmzwO5Rb49mc/1ATzzMqn2kUck5Vts9i8DpJUe0PLYJ7VkT5ECgYEAwavDC5NkPrE/QOYmvy1Aqj5vhKIr5W6IEGSGDMIfZ2e7o08URfRkc5jprZozcOl3MuseCE1I6ysIyDlvHtbV0eAl128xUWI5HXIC8zGrYJQ95Fsl2Xd6yymEC6CUKgnae2WyyOls3QM56XAmZbh1W+QN8Hsb5X0yLTii8LDsXQ0CgYB6AzVERqHxZCmbLfPFKkgfY0Rd/fg/EhCUtBNTGA7eBw2dHrUQdY9wS+RNZ9xwoTABSwaBry2LfUG90ZsICwBokv59w/flLnIVJEEQlvyxxNhn1rV+RBtlDHmlPKhDxPPh64rxrV9VeBsNJje6yyIGTSQR9dwWZ6/XJeBLMmzr0QKBgQC0uXeVAcF1zyjbgul9VNkXBJREDKExw+cshOGiXjO35tDuIAknDlv+kx7cZRzDrNkSptyrmpMFAG99iDrtaES3SJeHZbd73lC17YJbNmpaAXuP8I5tVFU96EvUHdClOfSrWcdwPILd6vjLoV/zZCH/0dxAIGFz0VRVZpiGSlMGsQKBgET9vKqOSvI88W8/Ve3YGOoXQ5qjrm5JqbL/J8f4GiOoDrBfaYij2Yg2WZlaPWi5t1KXh8IsN/Yn6NenY8CiI5hQZi/0CQM5ICEZmCnX3U1QdpffGzAbd/tb4ldmA3ez3cYNPzIP3q1bUQ3ybwO2eD8N978mHXBokoO0AHh01thZ","public_key":"MIIBIjANBgkqhkiG9w0BAQEFAAOCAQ8AMIIBCgKCAQEAix0lmphMY4htd8sw6kLMBGyju6p2y4pQtmiUpk7KxIV2NaUj0Zve2WJvPDptbKB0Lmn3EksPVG8VCrlh97shKjerm0gW314YN1DY/7RFPqxeeYNIFaMiGgf1ecMZUAOwO/v8NKn2nKH5hA0eMFxXNTtAXfSY/UBBnMFWOd765uQsXNn6r0PjhIpC2T9Hk+KfVm2eQ3QqY82/s0SaeebN/xjbkTsAc6yKGPCJxbe2vyE5coQ8iCj4pVvlFX6+SO+lEFvB56r8H+dQlDixPGgEGz+PZkUny7SZjFBZm5amH6XEl40ac9iWuuaW2C28FMoHX6XjJgu95aZMeVa5ZCrqmQIDAQAB"}', '官方支付宝web支付', 1, 1539341013, 1539368692),
(4, 'wx_scan', '0.020', '20000.000', '{"mchid":"1493758822","appid":"wxcc956ffaa369b7f9","key":""}', '快件小咖', 1, 1539368205, 1539763949),
(5, 'qq_scan', '0.020', '100000.000', '{"mchid":"1499660101","appid":"","key":""}', '测试QQ', 1, 1539786097, 1539786097);

-- --------------------------------------------------------

--
-- 表的结构 `cm_config`
--

CREATE TABLE IF NOT EXISTS `cm_config` (
  `id` int(10) unsigned NOT NULL COMMENT '配置ID',
  `name` varchar(30) NOT NULL DEFAULT '' COMMENT '配置名称',
  `title` varchar(50) NOT NULL DEFAULT '' COMMENT '配置标题',
  `type` tinyint(3) unsigned NOT NULL DEFAULT '0' COMMENT '配置类型',
  `sort` smallint(3) unsigned NOT NULL DEFAULT '0' COMMENT '排序',
  `group` tinyint(3) unsigned NOT NULL DEFAULT '0' COMMENT '配置分组',
  `value` text NOT NULL COMMENT '配置值',
  `extra` varchar(255) NOT NULL DEFAULT '' COMMENT '配置选项',
  `describe` varchar(255) NOT NULL DEFAULT '' COMMENT '配置说明',
  `status` tinyint(1) NOT NULL DEFAULT '1' COMMENT '状态',
  `create_time` int(11) unsigned NOT NULL DEFAULT '0' COMMENT '创建时间',
  `update_time` int(11) unsigned NOT NULL DEFAULT '0' COMMENT '更新时间'
) ENGINE=MyISAM AUTO_INCREMENT=8 DEFAULT CHARSET=utf8 COMMENT='配置表';

--
-- 转存表中的数据 `cm_config`
--

INSERT INTO `cm_config` (`id`, `name`, `title`, `type`, `sort`, `group`, `value`, `extra`, `describe`, `status`, `create_time`, `update_time`) VALUES
(1, 'seo_title', '网站标题', 1, 1, 1, '草帽聚合', '', '网站标题前台显示标题，优先级低于SEO模块', 1, 1378898976, 1539596757),
(2, 'seo_description', '网站描述', 2, 3, 1, 'Caomao|草帽聚合|ThinkPHP5', '', '网站搜索引擎描述，优先级低于SEO模块', 1, 1378898976, 1539596757),
(3, 'seo_keywords', '网站关键字', 2, 4, 1, 'Caomao,ThinkPHP5', '', '网站搜索引擎关键字，优先级低于SEO模块', 1, 1378898976, 1539596757),
(4, 'app_index_title', '首页标题', 1, 2, 1, '小红帽科技|草帽聚合支付', '', '', 1, 1378898976, 1539596757),
(5, 'app_domain', '网站域名', 1, 5, 1, 'http://www.caomao.com', '', '', 1, 1378898976, 1539596757),
(6, 'app_copyright', '版权信息', 2, 6, 1, '© 2018 Caomao. ', '', '', 1, 1378898976, 1539596757),
(7, 'email_host', 'SMTP服务器', 2, 7, 1, '', '', '', 1, 0, 1539596757);

-- --------------------------------------------------------

--
-- 表的结构 `cm_menu`
--

CREATE TABLE IF NOT EXISTS `cm_menu` (
  `id` int(10) unsigned NOT NULL COMMENT '文档ID',
  `pid` int(10) unsigned NOT NULL DEFAULT '0' COMMENT '上级分类ID',
  `sort` int(100) NOT NULL DEFAULT '100' COMMENT '排序',
  `name` varchar(50) NOT NULL DEFAULT '' COMMENT '菜单名称',
  `module` char(20) NOT NULL DEFAULT '' COMMENT '模块',
  `url` char(255) NOT NULL DEFAULT '' COMMENT '链接地址',
  `is_hide` tinyint(1) unsigned NOT NULL DEFAULT '0' COMMENT '是否隐藏',
  `icon` char(30) NOT NULL DEFAULT '' COMMENT '图标',
  `status` tinyint(1) NOT NULL DEFAULT '1' COMMENT '状态',
  `update_time` int(11) unsigned NOT NULL DEFAULT '0',
  `create_time` int(11) unsigned NOT NULL DEFAULT '0'
) ENGINE=InnoDB AUTO_INCREMENT=30 DEFAULT CHARSET=utf8 COMMENT='菜单表';

--
-- 转存表中的数据 `cm_menu`
--

INSERT INTO `cm_menu` (`id`, `pid`, `sort`, `name`, `module`, `url`, `is_hide`, `icon`, `status`, `update_time`, `create_time`) VALUES
(1, 0, 100, '控制台', 'admin', 'index/index', 0, 'console', 0, 1539584897, 1539583897),
(2, 0, 100, '系统设置', 'admin', 'System', 0, 'set', 1, 1539584897, 1539583897),
(3, 2, 100, '基本设置', 'admin', 'System', 0, 'set-fill', 1, 1539584897, 1539583897),
(4, 3, 100, '网站设置', 'admin', 'System/index', 0, '', 1, 1539584897, 1539583897),
(5, 3, 100, '邮件服务', 'admin', 'System/email', 0, '', 1, 1539584897, 1539583897),
(6, 2, 100, '权限设置', 'admin', 'Admin', 0, 'set-sm', 1, 1539584897, 1539583897),
(7, 6, 100, '管理员设置', 'admin', 'Admin/index', 0, '', 1, 1539584897, 1539583897),
(8, 6, 100, '角色管理', 'admin', 'Admin/group', 0, '', 1, 1539584897, 1539583897),
(9, 2, 100, '我的设置', 'admin', '', 0, '', 1, 1539584897, 1539583897),
(10, 9, 100, '基本资料', 'admin', '', 0, '', 1, 1539584897, 1539583897),
(11, 9, 100, '修改密码', 'admin', '', 0, '', 1, 1539584897, 1539583897),
(12, 0, 100, '支付设置', 'admin', '', 0, 'senior', 1, 1539584897, 1539583897),
(13, 12, 100, '支付渠道', 'admin', 'Channel/index', 0, '', 1, 1539584897, 1539583897),
(14, 12, 100, '风控管理', 'admin', 'Channel/risk', 0, '', 1, 1539584897, 1539583897),
(15, 0, 100, '内容管理', 'admin', 'Article', 0, 'template', 1, 1539584897, 1539583897),
(16, 15, 100, '文章管理', 'admin', 'Article/index', 0, '', 1, 1539584897, 1539583897),
(17, 15, 100, '公告管理', 'admin', 'Article/notice', 0, '', 1, 1539584897, 1539583897),
(18, 0, 100, '商户管理', 'admin', 'User', 0, 'user', 1, 1539584897, 1539583897),
(19, 18, 100, '商户列表', 'admin', 'User/index', 0, '', 1, 1539584897, 1539583897),
(20, 18, 100, '商户结算', 'admin', 'Balance/settle', 0, '', 1, 1539584897, 1539583897),
(21, 18, 100, '付款记录', 'admin', 'Balance/paid', 0, '', 1, 1539584897, 1539583897),
(22, 18, 100, '商户账户', 'admin', 'Account/index', 0, '', 1, 1539584897, 1539583897),
(23, 18, 100, '商户资金', 'admin', 'Balance/index', 0, '', 1, 1539584897, 1539583897),
(24, 18, 100, '商户API', 'admin', 'Api/index', 0, '', 1, 1539584897, 1539583897),
(25, 0, 100, '订单管理', 'admin', 'Orders', 0, 'form', 1, 1539584897, 1539583897),
(26, 25, 100, '交易列表', 'admin', 'Orders/index', 0, '', 1, 1539584897, 1539583897),
(27, 25, 100, '退款列表', 'admin', 'Orders/refund', 0, '', 1, 1539584897, 1539583897),
(28, 25, 100, '商户统计', 'admin', 'Orders/user', 0, '', 1, 1539584897, 1539583897),
(29, 25, 100, '渠道统计', 'admin', 'Orders/channel', 0, '', 1, 1539584897, 1539583897);

-- --------------------------------------------------------

--
-- 表的结构 `cm_notice`
--

CREATE TABLE IF NOT EXISTS `cm_notice` (
  `id` mediumint(8) NOT NULL,
  `content` varchar(250) NOT NULL COMMENT '公告内容',
  `status` tinyint(1) NOT NULL DEFAULT '0' COMMENT '公告状态,0-不展示,1-展示',
  `create_time` int(10) NOT NULL COMMENT '创建时间',
  `update_time` int(10) NOT NULL COMMENT '更新时间'
) ENGINE=InnoDB DEFAULT CHARSET=utf8mb4 COMMENT='公告表';

-- --------------------------------------------------------

--
-- 表的结构 `cm_orders`
--

CREATE TABLE IF NOT EXISTS `cm_orders` (
  `id` bigint(10) NOT NULL COMMENT '订单id',
  `uid` mediumint(8) NOT NULL COMMENT '商户id',
  `trade_no` varchar(30) NOT NULL COMMENT '交易订单号',
  `out_trade_no` varchar(30) NOT NULL COMMENT '商户订单号',
  `subject` varchar(64) NOT NULL COMMENT '商品标题',
  `body` varchar(256) NOT NULL COMMENT '商品描述信息',
  `channel` varchar(30) NOT NULL COMMENT '交易方式(wx_qrcode)',
  `cnl_id` int(3) NOT NULL COMMENT '支付通道ID',
  `extra` text COMMENT '特定渠道发起时额外参数',
  `amount` decimal(12,3) unsigned NOT NULL COMMENT '实际付款金额,单位是元,12-9保留3位小数',
  `currency` varchar(3) NOT NULL DEFAULT 'CNY' COMMENT '三位货币代码,人民币:CNY',
  `client_ip` varchar(32) NOT NULL COMMENT '客户端IP',
  `return_url` varchar(128) NOT NULL COMMENT '同步通知地址',
  `notify_url` varchar(128) NOT NULL COMMENT '异步通知地址',
  `status` tinyint(1) NOT NULL DEFAULT '1' COMMENT '订单状态:0-已取消-1-待付款，2-已付款',
  `create_time` int(10) NOT NULL COMMENT '创建时间',
  `update_time` int(10) NOT NULL COMMENT '更新时间'
) ENGINE=InnoDB AUTO_INCREMENT=1000000053 DEFAULT CHARSET=utf8mb4 COMMENT='交易订单表';

--
-- 转存表中的数据 `cm_orders`
--

INSERT INTO `cm_orders` (`id`, `uid`, `trade_no`, `out_trade_no`, `subject`, `body`, `channel`, `cnl_id`, `extra`, `amount`, `currency`, `client_ip`, `return_url`, `notify_url`, `status`, `create_time`, `update_time`) VALUES
(1000000006, 100001, 'A20181009160400A09301', 'A20181009160356A0998', 'API支付测试', 'API支付测试', 'wx_scan', 1, '{"openid":"ow_tBMHhbsLvABaSdukgYytSo4dWrusN4Vj"}', '1000.000', 'CNY', '127.0.0.1', 'https://api.iredcap.cn/test/return', 'https://api.iredcap.cn/test/notify', 0, 1538002240, 1539072897),
(1000000007, 100001, 'A20181009160508A09544', 'A20181009160505A09194', 'API支付测试', 'API支付测试', 'wx_scan', 1, '{"openid":"ow_ZsZmU86BBKOUPIADmEIsEJgzaKn4N7Av"}', '1000.000', 'CNY', '127.0.0.1', 'https://api.iredcap.cn/test/return', 'https://api.iredcap.cn/test/notify', 0, 1538062308, 1539072959),
(1000000008, 100001, 'A20181009160831A09190', 'A20181009160828A09955', 'API支付测试', 'API支付测试', 'wx_scan', 1, '{"openid":"ow_V68cxfj9i4rMZaWEkKb2SAEZ7vLH8Scw"}', '1000.000', 'CNY', '127.0.0.1', 'https://api.iredcap.cn/test/return', 'https://api.iredcap.cn/test/notify', 0, 1539072511, 1539073124),
(1000000009, 100001, 'A20181009161004A09908', 'A20181009161000A09725', 'API支付测试', 'API支付测试', 'wx_scan', 1, '{"openid":"ow_zDwofXefj3NTlQKoxqLM5xqMmPoRdaFh"}', '1000.000', 'CNY', '127.0.0.1', 'https://api.iredcap.cn/test/return', 'https://api.iredcap.cn/test/notify', 0, 1539072604, 1539073221),
(1000000010, 100001, 'A20181009161432A09546', 'A20181009161429A09224', 'API支付测试', 'API支付测试', 'wx_scan', 1, '{"openid":"ow_62yYW90nF2pqScnvB8efEQVTkWaKUmPI"}', '1000.000', 'CNY', '127.0.0.1', 'https://api.iredcap.cn/test/return', 'https://api.iredcap.cn/test/notify', 0, 1539072872, 1539073490),
(1000000011, 100001, 'A20181009161612A09738', 'A20181009161610A09592', 'API支付测试', 'API支付测试', 'wx_scan', 1, '{"openid":"ow_DSmFEh1VEALNX876ygnaWUtEbfS55Jfd"}', '1000.000', 'CNY', '127.0.0.1', 'https://api.iredcap.cn/test/return', 'https://api.iredcap.cn/test/notify', 0, 1539072972, 1539073591),
(1000000012, 100001, 'A20181009161832A09393', 'A20181009161827A09579', 'API支付测试', 'API支付测试', 'wx_scan', 1, '{"openid":"ow_iNtMf3H2GolyCQz86bdR1SqWRouj6mAg"}', '1000.000', 'CNY', '127.0.0.1', 'https://api.iredcap.cn/test/return', 'https://api.iredcap.cn/test/notify', 0, 1539073112, 1539073731),
(1000000013, 100001, 'A20181009162932A09200', 'A20181009162925A09590', 'API支付测试', 'API支付测试', 'wx_scan', 1, '{"openid":"ow_E1u5cYM9deOdjhG5wDrtHx6MO2BvIgng"}', '1000.000', 'CNY', '127.0.0.1', 'https://api.iredcap.cn/test/return', 'https://api.iredcap.cn/test/notify', 0, 1539073772, 1539075772),
(1000000014, 100001, 'A20181016001815A1647', 'A20181016001812A16681', 'API支付测试', 'API支付测试', 'wx_scan', 1, '{"openid":"ow_mbG9ieVX4moljlEmnjMPKNFnewwkzRdX"}', '1000.000', 'CNY', '127.0.0.1', 'https://api.iredcap.cn/test/return', 'https://api.iredcap.cn/test/notify', 0, 1539620295, 1539620395),
(1000000015, 100001, 'A20181016002030A16332', 'A20181016002025A1600', 'API支付测试', 'API支付测试', 'wx_scan', 4, '{"openid":"ow_l0VjFKuC9kLZ17M1Itd8yVCItTqUTNnf"}', '1000.000', 'CNY', '127.0.0.1', 'https://api.iredcap.cn/test/return', 'https://api.iredcap.cn/test/notify', 0, 1539620430, 1539620431),
(1000000016, 100001, 'A20181016002418A16102', 'A20181016002413A16613', 'API支付测试', 'API支付测试', 'wx_scan', 1, '{"openid":"ow_bJS8QsWOGh1JlpzH4Aa68E4VwDjHULj0"}', '1000.000', 'CNY', '127.0.0.1', 'https://api.iredcap.cn/test/return', 'https://api.iredcap.cn/test/notify', 0, 1539620658, 1539620659),
(1000000017, 100001, 'A20181016141523A16270', 'A20181016141518A16362', 'API支付测试', 'API支付测试', 'wx_scan', 1, '{"openid":"ow_WvYUWJYgFYaVl7bF3st4CND3SvcNi7Fc"}', '1000.000', 'CNY', '127.0.0.1', 'https://api.iredcap.cn/test/return', 'https://api.iredcap.cn/test/notify', 0, 1539670523, 1539671140),
(1000000018, 100001, 'A20181016141547A16890', 'A20181016141544A16597', 'API支付测试', 'API支付测试', 'wx_scan', 4, '{"openid":"ow_YyNVdOz5C1beZ2SeGaZwX4h18AnoW4fb"}', '1000.000', 'CNY', '127.0.0.1', 'https://api.iredcap.cn/test/return', 'https://api.iredcap.cn/test/notify', 0, 1539670547, 1539671166),
(1000000019, 100001, 'A20181016141553A16243', 'A20181016141550A16660', 'API支付测试', 'API支付测试', 'wx_scan', 4, '{"openid":"ow_4RFnM2F9fe2QOKvhmRzY7aZI5DL9an08"}', '1000.000', 'CNY', '127.0.0.1', 'https://api.iredcap.cn/test/return', 'https://api.iredcap.cn/test/notify', 0, 1539670553, 1539671176),
(1000000022, 100001, 'A20181016155355A16777', 'A20181016155351A16336', 'API支付测试', 'API支付测试', 'wx_scan', 1, '{"openid":"ow_pwUqNvmVVA8GmwZz6BjCT47hryORtpbc"}', '1000.000', 'CNY', '127.0.0.1', 'https://api.iredcap.cn/test/return', 'https://api.iredcap.cn/test/notify', 0, 1539676435, 1539676435),
(1000000023, 100001, 'A20181016160039A16647', 'A20181016160033A1665', 'API支付测试', 'API支付测试', 'wx_scan', 4, '{"openid":"ow_0xrYcLosYPD0Flyw9yADekT8Yk7cTYox"}', '1000.000', 'CNY', '127.0.0.1', 'https://api.iredcap.cn/test/return', 'https://api.iredcap.cn/test/notify', 0, 1539676839, 1539680152),
(1000000024, 100001, 'A20181016161716A16785', 'A20181016161710A16227', 'API支付测试', 'API支付测试', 'wx_scan', 4, '{"openid":"ow_frX9LJYEi6kA6Oh6fwynYrw7eTKai2FS"}', '1000.000', 'CNY', '127.0.0.1', 'https://api.iredcap.cn/test/return', 'https://api.iredcap.cn/test/notify', 0, 1539677836, 1539680153),
(1000000025, 100001, 'A20181016170109A16976', 'A20181016170103A16158', 'API支付测试', 'API支付测试', 'wx_scan', 4, '{"openid":"ow_EknBzbVNKRWbA1Q5mEypckbSXMLZD1ta"}', '1000.000', 'CNY', '127.0.0.1', 'https://api.iredcap.cn/test/return', 'https://api.iredcap.cn/test/notify', 0, 1539680469, 1539681110),
(1000000026, 100001, 'A20181017000746A17482', 'A20181017000739A17870', 'API支付测试', 'API支付测试', 'wx_scan', 1, '{"openid":"ow_YLWuqhyjusGDTaJFczxncIw09GxJuc2Q"}', '99.000', 'CNY', '127.0.0.1', 'https://api.iredcap.cn/test/return', 'https://api.iredcap.cn/test/notify', 0, 1539706066, 1539706711),
(1000000027, 100001, 'A20181017002249A17925', 'A20181017002242A17458', 'API支付测试', 'API支付测试', 'wx_scan', 1, '{"openid":"ow_enK7QhBeEg7m9gOAHyDXhfUATb4Ozrlh"}', '99.000', 'CNY', '127.0.0.1', 'https://api.iredcap.cn/test/return', 'https://api.iredcap.cn/test/notify', 2, 1539706969, 1539707592),
(1000000028, 100001, 'A20181017145613A1779', 'A20181017145610A1701', 'API支付测试', 'API支付测试', 'wx_scan', 4, '{"openid":"ow_fXshw8UBXTbkrmj3D53N5WZ2qN99fR0B"}', '1.000', 'CNY', '117.181.161.137', 'https://api.iredcap.cn/test/return', 'https://api.iredcap.cn/test/notify', 0, 1539759373, 1539759986),
(1000000029, 100001, 'A20181017145634A1717', 'A20181017145623A17650', 'API支付测试', 'API支付测试', 'wx_scan', 1, '{"openid":"ow_rqeXHuc7Gdu5t3XXSu2LywdJEUPlQYW7"}', '0.100', 'CNY', '117.181.161.137', 'https://api.iredcap.cn/test/return', 'https://api.iredcap.cn/test/notify', 2, 1539759394, 1539760004),
(1000000030, 100001, 'A20181017151132A17602', 'A20181017151119A17351', 'API支付测试', 'API支付测试', 'wx_scan', 4, '{"openid":"ow_fo9CAGVDCB2uCbQBsxmgaLCvg9Keb2T6"}', '0.100', 'CNY', '117.181.161.137', 'https://api.iredcap.cn/test/return', 'https://api.iredcap.cn/test/notify', 2, 1539760292, 1539760924),
(1000000031, 100001, 'A20181017155936A17727', 'A20181017155730A17505', 'API支付测试', 'API支付测试', 'wx_scan', 1, '{"openid":"ow_2jxQobVSTSLT0ouVKQvIrc9T6z71NiEG"}', '0.100', 'CNY', '117.181.161.137', 'https://api.iredcap.cn/test/return', 'https://api.iredcap.cn/test/notify', 2, 1539763176, 1539763228),
(1000000032, 100001, 'A20181017161000A17677', 'A20181017160948A17394', 'API支付测试', 'API支付测试', 'wx_scan', 4, '{"openid":"ow_Vy9Z4lWvkYZS0co1ricClgJCuFxg2fYN"}', '0.100', 'CNY', '117.181.161.137', 'https://api.iredcap.cn/test/return', 'https://api.iredcap.cn/test/notify', 2, 1539763800, 1539763819),
(1000000034, 100001, 'A20181017161510A17565', 'A20181017161501A17940', 'API支付测试', 'API支付测试', 'wx_scan', 4, '{"openid":"ow_HnKc6cGOVltw8WaitC7fAK6VCvMkGY2O"}', '0.100', 'CNY', '117.181.161.137', 'https://api.iredcap.cn/test/return', 'https://api.iredcap.cn/test/notify', 2, 1539764110, 1539764135),
(1000000035, 100001, 'A20181017163855A17873', 'A20181017163848A17430', 'API支付测试', 'API支付测试', 'wx_scan', 4, '{"openid":"ow_CodXPe8y6EWsWzBOFEGf04eJ8lGvFULI"}', '1.000', 'CNY', '117.181.161.137', 'https://api.iredcap.cn/test/return', 'https://api.iredcap.cn/test/notify', 0, 1539765535, 1539766147),
(1000000036, 100001, 'A20181017222141A17499', 'A20181017222003A17764', 'API支付测试', 'API支付测试', 'wx_scan', 1, '{"openid":"ow_Zf9by2D8t94R7RdnCjK7Rim9Gslb0t3Q"}', '1.000', 'CNY', '119.125.24.207', 'https://api.iredcap.cn/test/return', 'https://api.iredcap.cn/test/notify', 0, 1539786101, 1539786713),
(1000000037, 100001, 'A20181017230025A17463', 'A20181017230015A17185', 'API支付测试', 'API支付测试', 'wx_scan', 1, '{"openid":"ow_nJmgJh0L5fpOHZhDnkD7JWQfPYv7IdKv"}', '1.000', 'CNY', '117.181.160.240', 'https://api.iredcap.cn/test/return', 'https://api.iredcap.cn/test/notify', 0, 1539788425, 1539789037),
(1000000038, 100001, 'A20181017230104A17732', 'A20181017230100A17141', 'API支付测试', 'API支付测试', 'wx_scan', 1, '{"openid":"ow_eftxxSRv9zYjWOmSnGtF4UL18fwP9r4e"}', '1.000', 'CNY', '119.125.24.207', 'https://api.iredcap.cn/test/return', 'https://api.iredcap.cn/test/notify', 0, 1539788464, 1539789077),
(1000000039, 100001, 'A20181017230738A17662', 'A20181017230735A17791', 'API支付测试', 'API支付测试', 'wx_scan', 1, '{"openid":"ow_kO5PQjnQrlagYMosdfuFam7rVLa9395e"}', '1.000', 'CNY', '117.181.160.240', 'https://api.iredcap.cn/test/return', 'https://api.iredcap.cn/test/notify', 0, 1539788858, 1539789471),
(1000000040, 100001, 'A20181017231434A17296', 'A20181017231431A1740', 'API支付测试', 'API支付测试', 'wx_scan', 4, '{"openid":"ow_0ulfi4I07c7IWZ6FVyI7eI4WXr1fomSe"}', '1.000', 'CNY', '117.181.160.240', 'https://api.iredcap.cn/test/return', 'https://api.iredcap.cn/test/notify', 0, 1539789274, 1539789885),
(1000000041, 100001, 'A20181017235304A17302', '20181017532046561283', '支付测试', '支付测试', 'wx_scan', 4, '[]', '0.010', 'CNY', '::1', 'https://test.sglynp.com/notify.php', 'https://test.sglynp.com/notify.php', 0, 1539791584, 1539792197),
(1000000042, 100001, 'A20181018002015A18788', '20181017203072632742', '支付测试', '支付测试', 'wx_scan', 4, '[]', '0.010', 'CNY', '::1', 'https://test.sglynp.com/notify.php', 'https://test.sglynp.com/notify.php', 0, 1539793215, 1539793828),
(1000000043, 100001, 'A20181018002213A18925', '20181017222876748995', '支付测试', '支付测试', 'wx_scan', 4, '[]', '0.010', 'CNY', '::1', 'https://test.sglynp.com/notify.php', 'https://test.sglynp.com/notify.php', 0, 1539793333, 1539793944),
(1000000044, 100002, 'A20181018002416A18683', '2018101724313037224', '支付测试', '支付测试', 'wx_scan', 4, '[]', '0.010', 'CNY', '::1', 'https://test.sglynp.com/notify.php', 'https://test.sglynp.com/notify.php', 0, 1539793456, 1539794070),
(1000000045, 100002, 'A20181018003124A18824', '201810173125811', '666666', '666666', 'wx_scan', 4, '[]', '0.010', 'CNY', '127.0.0.1', 'https://test.sglynp.com/notify.php', 'https://test.sglynp.com/notify.php', 0, 1539793884, 1539794499),
(1000000046, 100002, 'A20181018003124A18699', '201810173126794', '666666', '666666', 'wx_scan', 4, '[]', '0.010', 'CNY', '127.0.0.1', 'https://test.sglynp.com/notify.php', 'https://test.sglynp.com/notify.php', 0, 1539793884, 1539794499),
(1000000047, 100002, 'A20181018003154A18290', '201810173155565', '666666', '666666', 'wx_scan', 4, '[]', '0.010', 'CNY', '127.0.0.1', 'https://test.sglynp.com/notify.php', 'https://test.sglynp.com/notify.php', 0, 1539793914, 1539794530),
(1000000048, 100002, 'A20181018003154A18242', '201810173156143', '666666', '666666', 'wx_scan', 4, '[]', '0.010', 'CNY', '127.0.0.1', 'https://test.sglynp.com/notify.php', 'https://test.sglynp.com/notify.php', 0, 1539793914, 1539794530),
(1000000049, 100002, 'A20181018003236A18144', '201810173237698', '666666', '666666', 'wx_scan', 4, '[]', '0.010', 'CNY', '127.0.0.1', 'https://test.sglynp.com/notify.php', 'https://test.sglynp.com/notify.php', 0, 1539793956, 1539794569),
(1000000050, 100002, 'A20181018003237A18256', '201810173238523', '666666', '666666', 'wx_scan', 4, '[]', '0.010', 'CNY', '127.0.0.1', 'https://test.sglynp.com/notify.php', 'https://test.sglynp.com/notify.php', 0, 1539793957, 1539794573),
(1000000051, 100002, 'A20181018003328A18694', '201810173330707', '666666', '666666', 'wx_scan', 1, '[]', '0.010', 'CNY', '127.0.0.1', 'https://test.sglynp.com/notify.php', 'https://test.sglynp.com/notify.php', 0, 1539794008, 1539794621),
(1000000052, 100002, 'A20181018003329A18501', '201810173330727', '666666', '666666', 'wx_scan', 1, '[]', '0.010', 'CNY', '127.0.0.1', 'https://test.sglynp.com/notify.php', 'https://test.sglynp.com/notify.php', 0, 1539794009, 1539794624);

-- --------------------------------------------------------

--
-- 表的结构 `cm_transaction`
--

CREATE TABLE IF NOT EXISTS `cm_transaction` (
  `id` mediumint(8) NOT NULL,
  `uid` mediumint(8) DEFAULT NULL COMMENT '商户id',
  `order_no` varchar(80) DEFAULT NULL COMMENT '交易订单号',
  `amount` decimal(12,3) DEFAULT NULL COMMENT '交易金额',
  `platform` tinyint(1) DEFAULT NULL COMMENT '交易平台:1-支付宝,2-微信',
  `platform_number` varchar(200) DEFAULT NULL COMMENT '交易平台交易流水号',
  `status` tinyint(1) DEFAULT NULL COMMENT '交易状态',
  `create_time` int(10) DEFAULT NULL COMMENT '创建时间',
  `update_time` int(10) DEFAULT NULL COMMENT '更新时间'
) ENGINE=InnoDB DEFAULT CHARSET=utf8mb4 COMMENT='交易流水表';

-- --------------------------------------------------------

--
-- 表的结构 `cm_user`
--

CREATE TABLE IF NOT EXISTS `cm_user` (
  `uid` mediumint(8) NOT NULL COMMENT '商户uid',
  `account` varchar(50) NOT NULL COMMENT '商户邮件',
  `password` varchar(50) NOT NULL COMMENT '商户登录密码',
  `username` varchar(30) NOT NULL COMMENT '商户名称',
  `phone` varchar(250) NOT NULL COMMENT '手机号',
  `qq` varchar(250) NOT NULL COMMENT 'QQ',
  `is_agent` tinyint(1) unsigned NOT NULL DEFAULT '0' COMMENT '代理商',
  `is_verify` tinyint(1) NOT NULL COMMENT '验证账号',
  `is_verify_phone` tinyint(1) NOT NULL COMMENT '验证手机',
  `status` tinyint(1) NOT NULL DEFAULT '0' COMMENT '商户状态,0-未激活,1-使用中,2-禁用',
  `create_time` int(10) NOT NULL COMMENT '创建时间',
  `update_time` int(10) NOT NULL COMMENT '更新时间'
) ENGINE=InnoDB AUTO_INCREMENT=100005 DEFAULT CHARSET=utf8mb4 COMMENT='商户信息表';

--
-- 转存表中的数据 `cm_user`
--

INSERT INTO `cm_user` (`uid`, `account`, `password`, `username`, `phone`, `qq`, `is_agent`, `is_verify`, `is_verify_phone`, `status`, `create_time`, `update_time`) VALUES
(100001, '1078509454@qq.com', '738f3b91daa85b807d51ae47a48b83e5', '小红帽', '18078687485', '1078509454', 1, 1, 1, 1, 1539069678, 1539926113),
(100002, '702154416@qq.com', '12aa4d415fac28fc6c3668aea3f168b5', '测试号', '18877490545', '702154416', 0, 1, 1, 1, 1539073577, 1539925834),
(100003, 'Brianwaring98@gmail.com', 'e83f27bc4cc0a7c57da4895c6dc2e19b', 'Brian', '18877490555', '1078509444', 0, 1, 1, 1, 1539179585, 1539425133),
(100004, '997177663@qq.com', '3e0684d24a9d849c867a8f175f652db5', '', '17513252586', '', 0, 0, 0, 0, 1539925334, 1539925334);

-- --------------------------------------------------------

--
-- 表的结构 `cm_user_account`
--

CREATE TABLE IF NOT EXISTS `cm_user_account` (
  `id` mediumint(8) NOT NULL,
  `uid` mediumint(8) NOT NULL COMMENT '商户ID',
  `bank` mediumint(8) NOT NULL DEFAULT '1' COMMENT '开户行(关联银行表)',
  `account` varchar(250) NOT NULL COMMENT '开户号',
  `address` varchar(250) NOT NULL COMMENT '开户所在地',
  `remarks` varchar(250) NOT NULL COMMENT '备注',
  `default` tinyint(1) NOT NULL DEFAULT '0' COMMENT '默认账户,0-不默认,1-默认',
  `status` tinyint(1) NOT NULL DEFAULT '0',
  `create_time` int(10) NOT NULL COMMENT '创建时间',
  `update_time` int(10) NOT NULL COMMENT '更新时间'
) ENGINE=InnoDB AUTO_INCREMENT=5 DEFAULT CHARSET=utf8mb4 COMMENT='商户结算账户表';

--
-- 转存表中的数据 `cm_user_account`
--

INSERT INTO `cm_user_account` (`id`, `uid`, `bank`, `account`, `address`, `remarks`, `default`, `status`, `create_time`, `update_time`) VALUES
(1, 100001, 1, 'imoapp@sina.com', '广西百色市右江区', '默认取现账户', 1, 1, 1539069678, 1539369166),
(2, 100002, 1, '', '', '', 0, 0, 1539073577, 1539073577),
(3, 100003, 1, '702154416@qq.com', '广西百色', '广西百色', 1, 0, 1539179585, 1539369179),
(4, 100004, 1, '', '', '', 0, 0, 1539925334, 1539925334);

--
-- Indexes for dumped tables
--

--
-- Indexes for table `cm_action_log`
--
ALTER TABLE `cm_action_log`
  ADD PRIMARY KEY (`id`);

--
-- Indexes for table `cm_admin`
--
ALTER TABLE `cm_admin`
  ADD PRIMARY KEY (`id`),
  ADD UNIQUE KEY `username` (`username`);

--
-- Indexes for table `cm_api`
--
ALTER TABLE `cm_api`
  ADD PRIMARY KEY (`id`),
  ADD UNIQUE KEY `api_domain_unique` (`id`,`domain`,`uid`) USING BTREE;

--
-- Indexes for table `cm_article`
--
ALTER TABLE `cm_article`
  ADD PRIMARY KEY (`id`),
  ADD UNIQUE KEY `article_index` (`id`,`title`,`status`) USING BTREE;

--
-- Indexes for table `cm_auth_group`
--
ALTER TABLE `cm_auth_group`
  ADD PRIMARY KEY (`id`);

--
-- Indexes for table `cm_balance`
--
ALTER TABLE `cm_balance`
  ADD PRIMARY KEY (`id`),
  ADD UNIQUE KEY `cash_index` (`id`,`uid`) USING BTREE;

--
-- Indexes for table `cm_balance_cash`
--
ALTER TABLE `cm_balance_cash`
  ADD PRIMARY KEY (`id`),
  ADD UNIQUE KEY `cash_index` (`id`,`uid`,`cash_no`,`status`) USING BTREE;

--
-- Indexes for table `cm_balance_change`
--
ALTER TABLE `cm_balance_change`
  ADD PRIMARY KEY (`id`),
  ADD UNIQUE KEY `change_index` (`id`,`uid`,`type`,`status`) USING BTREE;

--
-- Indexes for table `cm_balance_settle`
--
ALTER TABLE `cm_balance_settle`
  ADD PRIMARY KEY (`id`),
  ADD UNIQUE KEY `settle_index` (`id`,`uid`,`settle_no`,`status`) USING BTREE;

--
-- Indexes for table `cm_bank`
--
ALTER TABLE `cm_bank`
  ADD PRIMARY KEY (`id`);

--
-- Indexes for table `cm_channel`
--
ALTER TABLE `cm_channel`
  ADD PRIMARY KEY (`id`),
  ADD UNIQUE KEY `channel_index` (`name`,`status`,`id`) USING BTREE;

--
-- Indexes for table `cm_config`
--
ALTER TABLE `cm_config`
  ADD PRIMARY KEY (`id`),
  ADD UNIQUE KEY `uk_name` (`name`),
  ADD KEY `type` (`type`),
  ADD KEY `group` (`group`);

--
-- Indexes for table `cm_menu`
--
ALTER TABLE `cm_menu`
  ADD PRIMARY KEY (`id`);

--
-- Indexes for table `cm_notice`
--
ALTER TABLE `cm_notice`
  ADD PRIMARY KEY (`id`);

--
-- Indexes for table `cm_orders`
--
ALTER TABLE `cm_orders`
  ADD PRIMARY KEY (`id`),
  ADD UNIQUE KEY `order_no_index` (`out_trade_no`,`trade_no`,`uid`,`channel`) USING BTREE;

--
-- Indexes for table `cm_transaction`
--
ALTER TABLE `cm_transaction`
  ADD PRIMARY KEY (`id`),
  ADD UNIQUE KEY `transaction_index` (`order_no`,`platform`,`uid`,`amount`) USING BTREE;

--
-- Indexes for table `cm_user`
--
ALTER TABLE `cm_user`
  ADD PRIMARY KEY (`uid`),
  ADD UNIQUE KEY `user_name_unique` (`account`,`uid`) USING BTREE;

--
-- Indexes for table `cm_user_account`
--
ALTER TABLE `cm_user_account`
  ADD PRIMARY KEY (`id`);

--
-- AUTO_INCREMENT for dumped tables
--

--
-- AUTO_INCREMENT for table `cm_action_log`
--
ALTER TABLE `cm_action_log`
  MODIFY `id` int(10) unsigned NOT NULL AUTO_INCREMENT COMMENT '主键',AUTO_INCREMENT=8;
--
-- AUTO_INCREMENT for table `cm_admin`
--
ALTER TABLE `cm_admin`
  MODIFY `id` mediumint(8) unsigned NOT NULL AUTO_INCREMENT,AUTO_INCREMENT=2;
--
-- AUTO_INCREMENT for table `cm_api`
--
ALTER TABLE `cm_api`
  MODIFY `id` mediumint(8) NOT NULL AUTO_INCREMENT,AUTO_INCREMENT=5;
--
-- AUTO_INCREMENT for table `cm_article`
--
ALTER TABLE `cm_article`
  MODIFY `id` mediumint(8) unsigned NOT NULL AUTO_INCREMENT COMMENT '文章ID',AUTO_INCREMENT=9;
--
-- AUTO_INCREMENT for table `cm_auth_group`
--
ALTER TABLE `cm_auth_group`
  MODIFY `id` mediumint(8) unsigned NOT NULL AUTO_INCREMENT COMMENT '用户组id,自增主键',AUTO_INCREMENT=3;
--
-- AUTO_INCREMENT for table `cm_balance`
--
ALTER TABLE `cm_balance`
  MODIFY `id` mediumint(8) unsigned NOT NULL AUTO_INCREMENT,AUTO_INCREMENT=5;
--
-- AUTO_INCREMENT for table `cm_balance_cash`
--
ALTER TABLE `cm_balance_cash`
  MODIFY `id` mediumint(8) unsigned NOT NULL AUTO_INCREMENT;
--
-- AUTO_INCREMENT for table `cm_balance_change`
--
ALTER TABLE `cm_balance_change`
  MODIFY `id` mediumint(8) unsigned NOT NULL AUTO_INCREMENT,AUTO_INCREMENT=62;
--
-- AUTO_INCREMENT for table `cm_balance_settle`
--
ALTER TABLE `cm_balance_settle`
  MODIFY `id` mediumint(8) unsigned NOT NULL AUTO_INCREMENT;
--
-- AUTO_INCREMENT for table `cm_bank`
--
ALTER TABLE `cm_bank`
  MODIFY `id` mediumint(8) NOT NULL AUTO_INCREMENT COMMENT '银行ID',AUTO_INCREMENT=4;
--
-- AUTO_INCREMENT for table `cm_channel`
--
ALTER TABLE `cm_channel`
  MODIFY `id` mediumint(8) NOT NULL AUTO_INCREMENT COMMENT '渠道ID',AUTO_INCREMENT=6;
--
-- AUTO_INCREMENT for table `cm_config`
--
ALTER TABLE `cm_config`
  MODIFY `id` int(10) unsigned NOT NULL AUTO_INCREMENT COMMENT '配置ID',AUTO_INCREMENT=8;
--
-- AUTO_INCREMENT for table `cm_menu`
--
ALTER TABLE `cm_menu`
  MODIFY `id` int(10) unsigned NOT NULL AUTO_INCREMENT COMMENT '文档ID',AUTO_INCREMENT=30;
--
-- AUTO_INCREMENT for table `cm_notice`
--
ALTER TABLE `cm_notice`
  MODIFY `id` mediumint(8) NOT NULL AUTO_INCREMENT;
--
-- AUTO_INCREMENT for table `cm_orders`
--
ALTER TABLE `cm_orders`
  MODIFY `id` bigint(10) NOT NULL AUTO_INCREMENT COMMENT '订单id',AUTO_INCREMENT=1000000053;
--
-- AUTO_INCREMENT for table `cm_transaction`
--
ALTER TABLE `cm_transaction`
  MODIFY `id` mediumint(8) NOT NULL AUTO_INCREMENT;
--
-- AUTO_INCREMENT for table `cm_user`
--
ALTER TABLE `cm_user`
  MODIFY `uid` mediumint(8) NOT NULL AUTO_INCREMENT COMMENT '商户uid',AUTO_INCREMENT=100005;
--
-- AUTO_INCREMENT for table `cm_user_account`
--
ALTER TABLE `cm_user_account`
  MODIFY `id` mediumint(8) NOT NULL AUTO_INCREMENT,AUTO_INCREMENT=5;
/*!40101 SET CHARACTER_SET_CLIENT=@OLD_CHARACTER_SET_CLIENT */;
/*!40101 SET CHARACTER_SET_RESULTS=@OLD_CHARACTER_SET_RESULTS */;
/*!40101 SET COLLATION_CONNECTION=@OLD_COLLATION_CONNECTION */;
